institution,website,address_contact,category,source_file
State House / Office of the President,statehouse.gov.ng,"Aso Rock Villa, Three Arms Zone, Abuja",The Presidency & Central Executive,laws/mda/nigeria-mda-directory.txt
Office of the Vice President,statehouse.gov.ng,"Aso Rock Villa, Three Arms Zone, Abuja",The Presidency & Central Executive,laws/mda/nigeria-mda-directory.txt
Office of the Chief of Staff to the President,—,"State House, Abuja",The Presidency & Central Executive,laws/mda/nigeria-mda-directory.txt
Office of the Secretary to the Government of the,osgf.gov.ng,"Federal Secretariat, Shehu Shagari Way, Abuja Federation (SGF)",The Presidency & Central Executive,laws/mda/nigeria-mda-directory.txt
Office of the Head of the Civil Service of the,hocsf.gov.ng,"Federal Secretariat Complex, Abuja Federation",The Presidency & Central Executive,laws/mda/nigeria-mda-directory.txt
Office of the National Security Adviser (ONSA),ctc.gov.ng,"Three Arms Zone, Abuja",The Presidency & Central Executive,laws/mda/nigeria-mda-directory.txt
Office of the Auditor-General for the Federation,oaugf.ng,Abuja,The Presidency & Central Executive,laws/mda/nigeria-mda-directory.txt
Office of the Accountant-General of the,oagf.gov.ng,"Treasury House, Ahmadu Bello Way, Abuja Federation",The Presidency & Central Executive,laws/mda/nigeria-mda-directory.txt
Budget Office of the Federation (BOF),budgetoffice.gov.ng,Abuja,The Presidency & Central Executive,laws/mda/nigeria-mda-directory.txt
Bureau of Public Procurement (BPP),bpp.gov.ng,Abuja,The Presidency & Central Executive,laws/mda/nigeria-mda-directory.txt
Bureau of Public Enterprises (BPE),bpe.gov.ng,"1 Osun Crescent, Maitama, Abuja",The Presidency & Central Executive,laws/mda/nigeria-mda-directory.txt
National Council on Privatisation (NCP),bpe.gov.ng,Abuja,The Presidency & Central Executive,laws/mda/nigeria-mda-directory.txt
SERVICOM (Service Compact with All Nigerians),servicom.gov.ng,"The Presidency, Abuja",The Presidency & Central Executive,laws/mda/nigeria-mda-directory.txt
Nigeria Governors' Forum (NGF),nggovernorsforum.org,Abuja,The Presidency & Central Executive,laws/mda/nigeria-mda-directory.txt
National Economic Council (NEC),osgf.gov.ng,Abuja,The Presidency & Central Executive,laws/mda/nigeria-mda-directory.txt
Federal Executive Council (FEC) Secretariat,osgf.gov.ng,Abuja,The Presidency & Central Executive,laws/mda/nigeria-mda-directory.txt
NEPAD Nigeria,—,Abuja,The Presidency & Central Executive,laws/mda/nigeria-mda-directory.txt
Nigeria National Merit Award (NNMA),—,Abuja,The Presidency & Central Executive,laws/mda/nigeria-mda-directory.txt
National Lottery Trust Fund (NLTF),nltf.gov.ng,Abuja,The Presidency & Central Executive,laws/mda/nigeria-mda-directory.txt
National Lottery Regulatory Commission (NLRC),nlrc.gov.ng,Abuja,The Presidency & Central Executive,laws/mda/nigeria-mda-directory.txt
Infrastructure Concession Regulatory,icrc.gov.ng,Abuja Commission (ICRC),The Presidency & Central Executive,laws/mda/nigeria-mda-directory.txt
Border Communities Development Agency,bcda.gov.ng,Abuja (BCDA),The Presidency & Central Executive,laws/mda/nigeria-mda-directory.txt
Nigeria Sovereign Investment Authority (NSIA),nsia.com.ng,Abuja,The Presidency & Central Executive,laws/mda/nigeria-mda-directory.txt
Federal Ministry of Agriculture and Food,agriculture.gov.ng,"Area 11, Garki, Abuja Security",Federal Ministries (A-Z),laws/mda/nigeria-mda-directory.txt
"Federal Ministry of Art, Culture, Tourism and the",fmacce.gov.ng,Abuja Creative Economy,Federal Ministries (A-Z),laws/mda/nigeria-mda-directory.txt
Federal Ministry of Aviation and Aerospace,aviation.gov.ng,Abuja Development,Federal Ministries (A-Z),laws/mda/nigeria-mda-directory.txt
Federal Ministry of Budget and Economic,nationalplanning.gov.ng,Abuja Planning,Federal Ministries (A-Z),laws/mda/nigeria-mda-directory.txt
"Federal Ministry of Communications, Innovation",fmcide.gov.ng,Abuja and Digital Economy,Federal Ministries (A-Z),laws/mda/nigeria-mda-directory.txt
Federal Ministry of Defence,defence.gov.ng,"Ship House, Abuja",Federal Ministries (A-Z),laws/mda/nigeria-mda-directory.txt
Federal Ministry of Education,education.gov.ng,"Block 5A (8th Floor), Federal Secretariat, PMB 146 Garki, Abuja",Federal Ministries (A-Z),laws/mda/nigeria-mda-directory.txt
Federal Ministry of Environment,environment.gov.ng,Abuja,Federal Ministries (A-Z),laws/mda/nigeria-mda-directory.txt
Federal Capital Territory Administration (FCTA),fct.gov.ng,"Area 11, Garki, Abuja",Federal Ministries (A-Z),laws/mda/nigeria-mda-directory.txt
Federal Ministry of Finance,finance.gov.ng,"Ahmadu Bello Way, Central Business District, Abuja",Federal Ministries (A-Z),laws/mda/nigeria-mda-directory.txt
Federal Ministry of Foreign Affairs,foreignaffairs.gov.ng,"Tafawa Balewa House, Abuja",Federal Ministries (A-Z),laws/mda/nigeria-mda-directory.txt
Federal Ministry of Health and Social Welfare,health.gov.ng,"Federal Secretariat, Abuja",Federal Ministries (A-Z),laws/mda/nigeria-mda-directory.txt
Federal Ministry of Humanitarian Affairs and,fmhds.gov.ng,Abuja Poverty Reduction,Federal Ministries (A-Z),laws/mda/nigeria-mda-directory.txt
"Federal Ministry of Industry, Trade and",fmiti.gov.ng,"Block H, Old Federal Secretariat, Garki Area 1, Investment Abuja",Federal Ministries (A-Z),laws/mda/nigeria-mda-directory.txt
Federal Ministry of Information and National,fmino.gov.ng,"Radio House, Herbert Macaulay Way, Area 10, Orientation Abuja",Federal Ministries (A-Z),laws/mda/nigeria-mda-directory.txt
Federal Ministry of Interior,interior.gov.ng,"Block F, Old Secretariat, Area 1, Garki, Abuja",Federal Ministries (A-Z),laws/mda/nigeria-mda-directory.txt
Federal Ministry of Justice (Office of the,justice.gov.ng,"10th Floor, Federal Secretariat, Block One, Abuja Attorney-General)",Federal Ministries (A-Z),laws/mda/nigeria-mda-directory.txt
Federal Ministry of Labour and Employment,labour.gov.ng,"Block 4A, New Federal Secretariat, Abuja",Federal Ministries (A-Z),laws/mda/nigeria-mda-directory.txt
Federal Ministry of Livestock Development,—,Abuja,Federal Ministries (A-Z),laws/mda/nigeria-mda-directory.txt
Federal Ministry of Marine and Blue Economy,fmmbe.gov.ng,Abuja,Federal Ministries (A-Z),laws/mda/nigeria-mda-directory.txt
"Federal Ministry of Innovation, Science and",scienceandtech.gov.ng,"9th Floor, Federal Secretariat, Abuja Technology",Federal Ministries (A-Z),laws/mda/nigeria-mda-directory.txt
Federal Ministry of Niger Delta Development,nigerdelta.gov.ng,Abuja,Federal Ministries (A-Z),laws/mda/nigeria-mda-directory.txt
Federal Ministry of Petroleum Resources,petroleumresources.gov.ng,"Federal Secretariat, Abuja",Federal Ministries (A-Z),laws/mda/nigeria-mda-directory.txt
Federal Ministry of Police Affairs,policeaffairs.gov.ng,Abuja,Federal Ministries (A-Z),laws/mda/nigeria-mda-directory.txt
Federal Ministry of Power,power.gov.ng,"Annex B, Federal Secretariat, Abuja",Federal Ministries (A-Z),laws/mda/nigeria-mda-directory.txt
Federal Ministry of Regional Development,—,Abuja,Federal Ministries (A-Z),laws/mda/nigeria-mda-directory.txt
Federal Ministry of Solid Minerals Development,minesandsteel.gov.ng,Abuja,Federal Ministries (A-Z),laws/mda/nigeria-mda-directory.txt
Federal Ministry of Sports Development,—,Abuja,Federal Ministries (A-Z),laws/mda/nigeria-mda-directory.txt
Federal Ministry of Steel Development,—,Abuja,Federal Ministries (A-Z),laws/mda/nigeria-mda-directory.txt
Federal Ministry of Transportation,transportation.gov.ng,"Bukar Dipcharima House, CBD, Abuja",Federal Ministries (A-Z),laws/mda/nigeria-mda-directory.txt
Federal Ministry of Water Resources and,waterresources.gov.ng,Abuja Sanitation,Federal Ministries (A-Z),laws/mda/nigeria-mda-directory.txt
Federal Ministry of Women Affairs,womenaffairs.gov.ng,Abuja,Federal Ministries (A-Z),laws/mda/nigeria-mda-directory.txt
Federal Ministry of Works,works.gov.ng,"Mabushi, Abuja",Federal Ministries (A-Z),laws/mda/nigeria-mda-directory.txt
Federal Ministry of Housing and Urban,worksandhousing.gov.ng,"Mabushi, Abuja Development",Federal Ministries (A-Z),laws/mda/nigeria-mda-directory.txt
Federal Ministry of Youth Development,—,Abuja,Federal Ministries (A-Z),laws/mda/nigeria-mda-directory.txt
Independent National Electoral Commission,inecnigeria.org,"Plot 436 Zambezi Crescent, Maitama, Abuja (INEC)",Constitutional & Independent Federal Bodies,laws/mda/nigeria-mda-directory.txt
National Human Rights Commission (NHRC),nigeriarights.gov.ng,"[V] 19 Aguiyi Ironsi Street, Maitama, PMB 444 Garki, Abuja",Constitutional & Independent Federal Bodies,laws/mda/nigeria-mda-directory.txt
Public Complaints Commission (PCC) - the,pcc.gov.ng,"[V] 25 Aguiyi Ironsi Street, Maitama, Abuja Nigerian Ombudsman",Constitutional & Independent Federal Bodies,laws/mda/nigeria-mda-directory.txt
Code of Conduct Bureau (CCB),ccb.gov.ng,Abuja,Constitutional & Independent Federal Bodies,laws/mda/nigeria-mda-directory.txt
Code of Conduct Tribunal (CCT),cct.gov.ng,Abuja,Constitutional & Independent Federal Bodies,laws/mda/nigeria-mda-directory.txt
Federal Character Commission (FCC),federalcharacter.gov.ng,Abuja,Constitutional & Independent Federal Bodies,laws/mda/nigeria-mda-directory.txt
Revenue Mobilisation Allocation & Fiscal,rmafc.gov.ng,Abuja Commission (RMAFC),Constitutional & Independent Federal Bodies,laws/mda/nigeria-mda-directory.txt
Federal Civil Service Commission (FCSC),fedcivilservice.gov.ng,Abuja,Constitutional & Independent Federal Bodies,laws/mda/nigeria-mda-directory.txt
National Population Commission (NPopC),nationalpopulation.gov.ng,Abuja,Constitutional & Independent Federal Bodies,laws/mda/nigeria-mda-directory.txt
Police Service Commission (PSC),psc.gov.ng,Abuja,Constitutional & Independent Federal Bodies,laws/mda/nigeria-mda-directory.txt
National Judicial Council (NJC),njc.gov.ng,"Supreme Court Complex, Three Arms Zone, Abuja",Constitutional & Independent Federal Bodies,laws/mda/nigeria-mda-directory.txt
"National Salaries, Incomes and Wages",nsiwc.gov.ng,Abuja Commission (NSIWC),Constitutional & Independent Federal Bodies,laws/mda/nigeria-mda-directory.txt
Nigerian Law Reform Commission,lawreform.gov.ng,Abuja,Constitutional & Independent Federal Bodies,laws/mda/nigeria-mda-directory.txt
National Boundary Commission (NBC),nbc.gov.ng,Abuja,Constitutional & Independent Federal Bodies,laws/mda/nigeria-mda-directory.txt
Fiscal Responsibility Commission (FRC),frc.gov.ng,Abuja - status has been subject to restructuring; verify,Constitutional & Independent Federal Bodies,laws/mda/nigeria-mda-directory.txt
National Assembly Service Commission (NASC),nasc.gov.ng,"National Assembly Complex, Abuja",Constitutional & Independent Federal Bodies,laws/mda/nigeria-mda-directory.txt
"Civil Defence, Correctional, Fire and Immigration",cdcfib.org.ng,Abuja Services Board (CDCFIB),Constitutional & Independent Federal Bodies,laws/mda/nigeria-mda-directory.txt
Nigeria Police Council,—,"The Presidency, Abuja",Constitutional & Independent Federal Bodies,laws/mda/nigeria-mda-directory.txt
Council of State,—,"The Presidency, Abuja",Constitutional & Independent Federal Bodies,laws/mda/nigeria-mda-directory.txt
NATIONAL OMBUDSMAN,pcc.org.ng,"Lagos lines: 0813 129 7487, 0818 839 2899. Offices in all 36 states + FCT. Free of charge.","Ombudsman, Complaints & Citizen Redress",laws/mda/nigeria-mda-directory.txt
Police Public Complaints Committee (PPCC),ppcc.policeaffairs.gov.ng,[V] Receives complaints of human rights abuse by police personnel; forwards findings to the Police Service Commission. Services free.,"Ombudsman, Complaints & Citizen Redress",laws/mda/nigeria-mda-directory.txt
National Human Rights Commission (NHRC),nigeriarights.gov.ng,"[V] 19 Aguiyi Ironsi Street, Maitama, PMB 444 Garki, Abuja. Offices in all six geopolitical zones and most states.","Ombudsman, Complaints & Citizen Redress",laws/mda/nigeria-mda-directory.txt
Federal Competition and Consumer Protection Commission (FCCPC),fccpc.gov.ng,"[V] 17 Nile Street, Maitama, Abuja. Tel 0805 600 2020 / 0805 600 3030. Primary route for consumer redress against any company.","Ombudsman, Complaints & Citizen Redress",laws/mda/nigeria-mda-directory.txt
Nigerian Communications Commission -,consumer.ncc.gov.ng,"[V] Plot 423 Aguiyi Ironsi St, Maitama, Abuja Consumer Affairs Bureau 900271. Tel +234-209-4617000. Escalate only after your operator has failed to resolve.","Ombudsman, Complaints & Citizen Redress",laws/mda/nigeria-mda-directory.txt
Office of the Tax Ombuds,—,Established under the Joint Revenue Board (Establishment) Act 2025 to resolve taxpayer complaints. Contact via nrs.gov.ng.,"Ombudsman, Complaints & Citizen Redress",laws/mda/nigeria-mda-directory.txt
Joint Revenue Board of Nigeria,—,"Coordination body for federal, state and local tax authorities (replaced the Joint Tax Board).","Ombudsman, Complaints & Citizen Redress",laws/mda/nigeria-mda-directory.txt
CBN Consumer Protection Department,cbn.gov.ng,Banking and financial services complaints,"Ombudsman, Complaints & Citizen Redress",laws/mda/nigeria-mda-directory.txt
NERC Consumer Complaints / DisCo Forum,nerc.gov.ng,Electricity billing and supply complaints Offices,"Ombudsman, Complaints & Citizen Redress",laws/mda/nigeria-mda-directory.txt
NCAA Consumer Protection Directorate,ncaa.gov.ng,Airline and airport complaints,"Ombudsman, Complaints & Citizen Redress",laws/mda/nigeria-mda-directory.txt
NAICOM Complaints Bureau,naicom.gov.ng,Insurance complaints,"Ombudsman, Complaints & Citizen Redress",laws/mda/nigeria-mda-directory.txt
PenCom Complaints,pencom.gov.ng,Pension complaints,"Ombudsman, Complaints & Citizen Redress",laws/mda/nigeria-mda-directory.txt
SEC Complaints Management Framework,sec.gov.ng,Securities and investment complaints,"Ombudsman, Complaints & Citizen Redress",laws/mda/nigeria-mda-directory.txt
National Broadcasting Commission (NBC),nbc.gov.ng,Broadcast content complaints,"Ombudsman, Complaints & Citizen Redress",laws/mda/nigeria-mda-directory.txt
Nigeria Data Protection Commission (NDPC),ndpc.gov.ng,"[V] 12 Clement Isong Street, Asokoro, Abuja - data privacy breaches","Ombudsman, Complaints & Citizen Redress",laws/mda/nigeria-mda-directory.txt
Bureau of Public Procurement (BPP),bpp.gov.ng,Public procurement irregularity complaints,"Ombudsman, Complaints & Citizen Redress",laws/mda/nigeria-mda-directory.txt
Legal Aid Council of Nigeria,legalaidcouncil.gov.ng,Free legal representation for indigent persons,"Ombudsman, Complaints & Citizen Redress",laws/mda/nigeria-mda-directory.txt
Kano State Public Complaints & Anti-Corruption Commission (PCACC),—,"State-level ombudsman + anti-corruption body, Kano","Ombudsman, Complaints & Citizen Redress",laws/mda/nigeria-mda-directory.txt
Economic and Financial Crimes Commission,efcc.gov.ng,"[V] Plot 301/302 Institution & Research Cadastral (EFCC) District, Jabi, Abuja. Hotline +234 809 332 2644 / +234 9 904 4751. info@efcc.gov.ng","Anti-Corruption, Security & Law Enforcement",laws/mda/nigeria-mda-directory.txt
EFCC - Special Control Unit Against Money Laundering (SCUML),scuml.efcc.gov.ng,[V] Enugu 0705 409 9561 | Gombe 0815 296 6019 | Kano 0810 918 5147 | Ibadan 0809 649 2000 | Kaduna 0809 649 3000 | Lagos 0706 997 1317 | Maiduguri 0809 649 5000,"Anti-Corruption, Security & Law Enforcement",laws/mda/nigeria-mda-directory.txt
Independent Corrupt Practices Commission,icpc.gov.ng,"[V] Plot 802 Constitution Avenue, Zone A9, (ICPC) Central Area, PMB 535 Garki, Abuja. info@icpc.gov.ng. MTN 0803 123 0280/0281/0282, GLO 0705 699 0190/0191. Petition: icpc.gov.ng/petition","Anti-Corruption, Security & Law Enforcement",laws/mda/nigeria-mda-directory.txt
ICPC State Offices,icpc.gov.ng/office-locations,[V] Email pattern @icpc.gov.ng. Adamawa 0803 313 3367 | Anambra 0803 314 5820 | Akwa Ibom 0806 206 7670 | Bauchi 0816 440 2626,"Anti-Corruption, Security & Law Enforcement",laws/mda/nigeria-mda-directory.txt
Nigerian Financial Intelligence Unit (NFIU),nfiu.gov.ng,Abuja,"Anti-Corruption, Security & Law Enforcement",laws/mda/nigeria-mda-directory.txt
Nigeria Police Force (NPF),npf.gov.ng,"Louis Edet House, Force HQ, Abuja. Emergency 112","Anti-Corruption, Security & Law Enforcement",laws/mda/nigeria-mda-directory.txt
Nigeria Police Trust Fund,npftf.gov.ng,Abuja,"Anti-Corruption, Security & Law Enforcement",laws/mda/nigeria-mda-directory.txt
Department of State Services (DSS),dss.gov.ng,Abuja,"Anti-Corruption, Security & Law Enforcement",laws/mda/nigeria-mda-directory.txt
National Intelligence Agency (NIA),—,Abuja,"Anti-Corruption, Security & Law Enforcement",laws/mda/nigeria-mda-directory.txt
Defence Intelligence Agency (DIA),—,Abuja,"Anti-Corruption, Security & Law Enforcement",laws/mda/nigeria-mda-directory.txt
Nigerian Army,army.mil.ng,"Army Headquarters, Abuja","Anti-Corruption, Security & Law Enforcement",laws/mda/nigeria-mda-directory.txt
Nigerian Navy,navy.mil.ng,"Naval Headquarters, Abuja","Anti-Corruption, Security & Law Enforcement",laws/mda/nigeria-mda-directory.txt
Nigerian Air Force,airforce.mil.ng,"NAF Headquarters, Abuja","Anti-Corruption, Security & Law Enforcement",laws/mda/nigeria-mda-directory.txt
Defence Headquarters,defenceinfo.mil.ng,"Ship House, Abuja","Anti-Corruption, Security & Law Enforcement",laws/mda/nigeria-mda-directory.txt
Nigeria Security and Civil Defence Corps,nscdc.gov.ng,Abuja (NSCDC),"Anti-Corruption, Security & Law Enforcement",laws/mda/nigeria-mda-directory.txt
Nigeria Immigration Service (NIS),immigration.gov.ng,"Sauka, Airport Road, Abuja","Anti-Corruption, Security & Law Enforcement",laws/mda/nigeria-mda-directory.txt
Nigeria Customs Service (NCS),customs.gov.ng,"Wuse Zone 3, Abuja","Anti-Corruption, Security & Law Enforcement",laws/mda/nigeria-mda-directory.txt
Nigerian Correctional Service (NCoS),corrections.gov.ng,Abuja,"Anti-Corruption, Security & Law Enforcement",laws/mda/nigeria-mda-directory.txt
Federal Fire Service,fedfire.gov.ng,"Muhammadu Buhari Way, Area 7, Garki, Abuja","Anti-Corruption, Security & Law Enforcement",laws/mda/nigeria-mda-directory.txt
National Drug Law Enforcement Agency (NDLEA),ndlea.gov.ng,"[V] 6 Port Harcourt Crescent, Area 11, Garki, Abuja","Anti-Corruption, Security & Law Enforcement",laws/mda/nigeria-mda-directory.txt
National Agency for the Prohibition of Trafficking,naptip.gov.ng,Abuja in Persons (NAPTIP),"Anti-Corruption, Security & Law Enforcement",laws/mda/nigeria-mda-directory.txt
Nigerian Security Printing and Minting Company,nspmplc.com,Abuja / Lagos (NSPM),"Anti-Corruption, Security & Law Enforcement",laws/mda/nigeria-mda-directory.txt
National Counter Terrorism Centre (NCTC),ctc.gov.ng,"ONSA, Abuja","Anti-Corruption, Security & Law Enforcement",laws/mda/nigeria-mda-directory.txt
Presidential Committee on Small Arms and Light,—,Abuja Weapons,"Anti-Corruption, Security & Law Enforcement",laws/mda/nigeria-mda-directory.txt
Nigerian Defence Academy (NDA),nda.edu.ng,Kaduna,"Anti-Corruption, Security & Law Enforcement",laws/mda/nigeria-mda-directory.txt
Nigerian Army University,naub.edu.ng,"Biu, Borno State","Anti-Corruption, Security & Law Enforcement",laws/mda/nigeria-mda-directory.txt
Air Force Institute of Technology,afit.edu.ng,Kaduna,"Anti-Corruption, Security & Law Enforcement",laws/mda/nigeria-mda-directory.txt
Nigerian Defence Space Administration,—,Abuja,"Anti-Corruption, Security & Law Enforcement",laws/mda/nigeria-mda-directory.txt
Defence Industries Corporation of Nigeria,dicon.gov.ng,Kaduna (DICON),"Anti-Corruption, Security & Law Enforcement",laws/mda/nigeria-mda-directory.txt
Military Pensions Board,—,Abuja,"Anti-Corruption, Security & Law Enforcement",laws/mda/nigeria-mda-directory.txt
Nigerian Legion,—,Abuja,"Anti-Corruption, Security & Law Enforcement",laws/mda/nigeria-mda-directory.txt
National Youth Service Corps (NYSC),nysc.gov.ng,Abuja,"Anti-Corruption, Security & Law Enforcement",laws/mda/nigeria-mda-directory.txt
Nigeria Revenue Service (NRS) - formerly FIRS,nrs.gov.ng,[V] Abuja. Enquiries 020 946 02700,"Finance, Revenue & Economic Regulators",laws/mda/nigeria-mda-directory.txt
Central Bank of Nigeria (CBN),cbn.gov.ng,"Central Business District, Abuja","Finance, Revenue & Economic Regulators",laws/mda/nigeria-mda-directory.txt
Corporate Affairs Commission (CAC),cac.gov.ng,"Plot 420 Tigris Crescent, Maitama; PMB 198 Garki, Abuja","Finance, Revenue & Economic Regulators",laws/mda/nigeria-mda-directory.txt
Securities and Exchange Commission (SEC),sec.gov.ng,"Central Business District, Abuja","Finance, Revenue & Economic Regulators",laws/mda/nigeria-mda-directory.txt
National Insurance Commission (NAICOM),naicom.gov.ng,"Plot 1239 Ladoke Akintola Blvd, Garki II, Abuja","Finance, Revenue & Economic Regulators",laws/mda/nigeria-mda-directory.txt
National Pension Commission (PenCom),pencom.gov.ng,"Plot 174 Adetokunbo Ademola Cr, Wuse II, Abuja","Finance, Revenue & Economic Regulators",laws/mda/nigeria-mda-directory.txt
Nigeria Deposit Insurance Corporation (NDIC),ndic.gov.ng,"Plot 447/448 Constitution Avenue, CBD, Abuja","Finance, Revenue & Economic Regulators",laws/mda/nigeria-mda-directory.txt
Debt Management Office (DMO),dmo.gov.ng,"447/448 Constitution Avenue, CBD, Abuja","Finance, Revenue & Economic Regulators",laws/mda/nigeria-mda-directory.txt
Asset Management Corporation of Nigeria,amcon.com.ng,Abuja / Lagos (AMCON),"Finance, Revenue & Economic Regulators",laws/mda/nigeria-mda-directory.txt
Financial Reporting Council of Nigeria (FRC),financialreportingcouncil.gov.ng,Lagos / Abuja,"Finance, Revenue & Economic Regulators",laws/mda/nigeria-mda-directory.txt
National Bureau of Statistics (NBS),nigerianstat.gov.ng,"Central Business District, Abuja","Finance, Revenue & Economic Regulators",laws/mda/nigeria-mda-directory.txt
Federal Mortgage Bank of Nigeria (FMBN),fmbn.gov.ng,Abuja,"Finance, Revenue & Economic Regulators",laws/mda/nigeria-mda-directory.txt
Bank of Industry (BOI),boi.ng,Abuja / Lagos,"Finance, Revenue & Economic Regulators",laws/mda/nigeria-mda-directory.txt
Bank of Agriculture (BOA),boanig.com,Kaduna,"Finance, Revenue & Economic Regulators",laws/mda/nigeria-mda-directory.txt
Development Bank of Nigeria (DBN),devbankng.com,Abuja,"Finance, Revenue & Economic Regulators",laws/mda/nigeria-mda-directory.txt
Nigerian Export-Import Bank (NEXIM),neximbank.com.ng,Abuja,"Finance, Revenue & Economic Regulators",laws/mda/nigeria-mda-directory.txt
National Economic Reconstruction Fund,—,Abuja (NERFUND),"Finance, Revenue & Economic Regulators",laws/mda/nigeria-mda-directory.txt
Nigeria Mortgage Refinance Company,nmrc.com.ng,Abuja,"Finance, Revenue & Economic Regulators",laws/mda/nigeria-mda-directory.txt
Nigeria Incentive-Based Risk Sharing System for,nirsal.com,Abuja Agricultural Lending (NIRSAL),"Finance, Revenue & Economic Regulators",laws/mda/nigeria-mda-directory.txt
Nigeria Social Insurance Trust Fund (NSITF),nsitf.gov.ng,Abuja,"Finance, Revenue & Economic Regulators",laws/mda/nigeria-mda-directory.txt
Tax Appeal Tribunal (TAT),taxappealtribunal.gov.ng,Abuja and zonal offices,"Finance, Revenue & Economic Regulators",laws/mda/nigeria-mda-directory.txt
Nigerian Investment Promotion Commission,nipc.gov.ng,"Plot 1181 Aguiyi Ironsi St, Maitama, Abuja (NIPC)","Trade, Industry, Investment & Standards",laws/mda/nigeria-mda-directory.txt
Standards Organisation of Nigeria (SON),son.gov.ng,Abuja,"Trade, Industry, Investment & Standards",laws/mda/nigeria-mda-directory.txt
Federal Competition and Consumer Protection Commission (FCCPC),fccpc.gov.ng,"[V] 17 Nile Street, Maitama, Abuja. 0805 600 2020","Trade, Industry, Investment & Standards",laws/mda/nigeria-mda-directory.txt
Nigerian Export Promotion Council (NEPC),nepc.gov.ng,Abuja,"Trade, Industry, Investment & Standards",laws/mda/nigeria-mda-directory.txt
Nigeria Export Processing Zones Authority,nepza.gov.ng,Abuja (NEPZA),"Trade, Industry, Investment & Standards",laws/mda/nigeria-mda-directory.txt
Oil and Gas Free Zones Authority (OGFZA),ogfza.gov.ng,Abuja / Onne,"Trade, Industry, Investment & Standards",laws/mda/nigeria-mda-directory.txt
Small and Medium Enterprises Development,smedan.gov.ng,Abuja Agency (SMEDAN),"Trade, Industry, Investment & Standards",laws/mda/nigeria-mda-directory.txt
Nigerian Copyright Commission (NCC),copyright.gov.ng,Abuja,"Trade, Industry, Investment & Standards",laws/mda/nigeria-mda-directory.txt
"Trademarks, Patents and Designs Registry",iponigeria.gov.ng,Abuja,"Trade, Industry, Investment & Standards",laws/mda/nigeria-mda-directory.txt
National Automotive Design and Development,naddc.gov.ng,"4 Okene Street, Area 2, Garki, Abuja Council (NADDC)","Trade, Industry, Investment & Standards",laws/mda/nigeria-mda-directory.txt
National Sugar Development Council (NSDC),nsdcnigeria.gov.ng,Abuja,"Trade, Industry, Investment & Standards",laws/mda/nigeria-mda-directory.txt
Raw Materials Research and Development,rmrdc.gov.ng,Abuja Council (RMRDC),"Trade, Industry, Investment & Standards",laws/mda/nigeria-mda-directory.txt
"Federal Institute of Industrial Research, Oshodi",fiiro.gov.ng,"Oshodi, Lagos (FIIRO)","Trade, Industry, Investment & Standards",laws/mda/nigeria-mda-directory.txt
Projects Development Institute (PRODA),proda.gov.ng,Enugu,"Trade, Industry, Investment & Standards",laws/mda/nigeria-mda-directory.txt
Industrial Training Fund (ITF),itf.gov.ng,"Jos, Plateau State","Trade, Industry, Investment & Standards",laws/mda/nigeria-mda-directory.txt
Nigerian Office for Technology Acquisition and,notap.gov.ng,Abuja Promotion (NOTAP),"Trade, Industry, Investment & Standards",laws/mda/nigeria-mda-directory.txt
Nigerian Institute of Science Laboratory,nislt.gov.ng,Ibadan Technology (NISLT),"Trade, Industry, Investment & Standards",laws/mda/nigeria-mda-directory.txt
Nigerian Commodity Exchange (NCX),—,Abuja,"Trade, Industry, Investment & Standards",laws/mda/nigeria-mda-directory.txt
Advertising Regulatory Council of Nigeria,arcon.gov.ng,"26 Ajose Adeogun, Lagos (ARCON)","Trade, Industry, Investment & Standards",laws/mda/nigeria-mda-directory.txt
Nigerian Tourism Development Authority (NTDA),ntdc.gov.ng,Abuja,"Trade, Industry, Investment & Standards",laws/mda/nigeria-mda-directory.txt
National Institute for Hospitality and Tourism,nihotour.gov.ng,Abuja (NIHOTOUR),"Trade, Industry, Investment & Standards",laws/mda/nigeria-mda-directory.txt
Centre for Black and African Arts and Civilization,cbaac.gov.ng,Lagos (CBAAC),"Trade, Industry, Investment & Standards",laws/mda/nigeria-mda-directory.txt
National Council for Arts and Culture (NCAC),ncac.gov.ng,Abuja,"Trade, Industry, Investment & Standards",laws/mda/nigeria-mda-directory.txt
National Gallery of Art,nga.gov.ng,Abuja,"Trade, Industry, Investment & Standards",laws/mda/nigeria-mda-directory.txt
National Theatre of Nigeria,—,"Iganmu, Lagos","Trade, Industry, Investment & Standards",laws/mda/nigeria-mda-directory.txt
National Commission for Museums and,ncmm.gov.ng,Abuja Monuments,"Trade, Industry, Investment & Standards",laws/mda/nigeria-mda-directory.txt
National Troupe of Nigeria,—,Lagos,"Trade, Industry, Investment & Standards",laws/mda/nigeria-mda-directory.txt
National Agency for Food and Drug,nafdac.gov.ng,"[V] Plot 2032 Olusegun Obasanjo Way, Wuse Administration and Control (NAFDAC) Zone 7, Abuja. 09-6718008, 09-5240996, 0700-1-623322. nafdac@nafdac.gov.ng. FCT office fct@nafdac.gov.ng, 0209 290 5169. State email pattern .EID@nafdac.gov.ng","Health, Food & Drug",laws/mda/nigeria-mda-directory.txt
Nigeria Centre for Disease Control (NCDC),ncdc.gov.ng,Abuja. Toll-free 6232,"Health, Food & Drug",laws/mda/nigeria-mda-directory.txt
National Primary Health Care Development,nphcda.gov.ng,Abuja Agency (NPHCDA),"Health, Food & Drug",laws/mda/nigeria-mda-directory.txt
National Health Insurance Authority (NHIA),nhia.gov.ng,Abuja,"Health, Food & Drug",laws/mda/nigeria-mda-directory.txt
National Agency for the Control of AIDS (NACA),naca.gov.ng,Abuja,"Health, Food & Drug",laws/mda/nigeria-mda-directory.txt
National Institute for Pharmaceutical Research &,niprd.gov.ng,"Idu, Abuja Development (NIPRD)","Health, Food & Drug",laws/mda/nigeria-mda-directory.txt
Nigerian Institute of Medical Research (NIMR),nimr.gov.ng,"Yaba, Lagos","Health, Food & Drug",laws/mda/nigeria-mda-directory.txt
National Blood Service Commission (NBSC),nbsc.gov.ng,Abuja,"Health, Food & Drug",laws/mda/nigeria-mda-directory.txt
Medical and Dental Council of Nigeria (MDCN),mdcn.gov.ng,Abuja,"Health, Food & Drug",laws/mda/nigeria-mda-directory.txt
Nursing and Midwifery Council of Nigeria,nmcn.gov.ng,Abuja (NMCN),"Health, Food & Drug",laws/mda/nigeria-mda-directory.txt
Pharmacy Council of Nigeria (PCN),pcn.gov.ng,Abuja,"Health, Food & Drug",laws/mda/nigeria-mda-directory.txt
Medical Laboratory Science Council of Nigeria,mlscn.gov.ng,Abuja (MLSCN),"Health, Food & Drug",laws/mda/nigeria-mda-directory.txt
Radiographers Registration Board of Nigeria,rrbn.gov.ng,Abuja,"Health, Food & Drug",laws/mda/nigeria-mda-directory.txt
Optometrists and Dispensing Opticians Board,odorbn.gov.ng,Abuja,"Health, Food & Drug",laws/mda/nigeria-mda-directory.txt
Dental Therapists Registration Board of Nigeria,—,Abuja,"Health, Food & Drug",laws/mda/nigeria-mda-directory.txt
Community Health Practitioners Registration,chprbn.gov.ng,Abuja Board,"Health, Food & Drug",laws/mda/nigeria-mda-directory.txt
Environmental Health Officers Registration,ehorecon.gov.ng,Abuja Council (EHORECON),"Health, Food & Drug",laws/mda/nigeria-mda-directory.txt
Health Records Officers Registration Board,—,Abuja,"Health, Food & Drug",laws/mda/nigeria-mda-directory.txt
Veterinary Council of Nigeria,vcn.gov.ng,Abuja,"Health, Food & Drug",laws/mda/nigeria-mda-directory.txt
National Institute for Medical Research,nimr.gov.ng,Lagos,"Health, Food & Drug",laws/mda/nigeria-mda-directory.txt
National Eye Centre,—,Kaduna,"Health, Food & Drug",laws/mda/nigeria-mda-directory.txt
National Ear Care Centre,—,Kaduna,"Health, Food & Drug",laws/mda/nigeria-mda-directory.txt
"National Orthopaedic Hospitals (Igbobi, Enugu,",—,"Multiple locations Dala, Kano)","Health, Food & Drug",laws/mda/nigeria-mda-directory.txt
Federal Neuro-Psychiatric Hospitals,—,"Yaba, Enugu, Kaduna, Calabar, Benin, Sokoto, Maiduguri","Health, Food & Drug",laws/mda/nigeria-mda-directory.txt
National Hospital Abuja,nationalhospital.gov.ng,"Central Business District, Abuja","Health, Food & Drug",laws/mda/nigeria-mda-directory.txt
University College Hospital (UCH),uch-ibadan.org.ng,"Ibadan, Oyo State",Federal Teaching Hospitals & Medical Centres,laws/mda/nigeria-mda-directory.txt
Lagos University Teaching Hospital (LUTH),luth.gov.ng,"Idi-Araba, Lagos",Federal Teaching Hospitals & Medical Centres,laws/mda/nigeria-mda-directory.txt
University of Nigeria Teaching Hospital (UNTH),unth.edu.ng,"Ituku-Ozalla, Enugu",Federal Teaching Hospitals & Medical Centres,laws/mda/nigeria-mda-directory.txt
Ahmadu Bello University Teaching Hospital,abuth.gov.ng,"Zaria, Kaduna State (ABUTH)",Federal Teaching Hospitals & Medical Centres,laws/mda/nigeria-mda-directory.txt
University of Benin Teaching Hospital (UBTH),ubth.org,"Benin City, Edo State",Federal Teaching Hospitals & Medical Centres,laws/mda/nigeria-mda-directory.txt
Obafemi Awolowo University Teaching Hospital,oauthc.com,"Ile-Ife, Osun State (OAUTHC)",Federal Teaching Hospitals & Medical Centres,laws/mda/nigeria-mda-directory.txt
University of Port Harcourt Teaching Hospital,upth.gov.ng,"Port Harcourt, Rivers State (UPTH)",Federal Teaching Hospitals & Medical Centres,laws/mda/nigeria-mda-directory.txt
University of Calabar Teaching Hospital (UCTH),ucth.gov.ng,"Calabar, Cross River State",Federal Teaching Hospitals & Medical Centres,laws/mda/nigeria-mda-directory.txt
University of Maiduguri Teaching Hospital,umth.gov.ng,"Maiduguri, Borno State (UMTH)",Federal Teaching Hospitals & Medical Centres,laws/mda/nigeria-mda-directory.txt
Jos University Teaching Hospital (JUTH),juth.gov.ng,"Jos, Plateau State",Federal Teaching Hospitals & Medical Centres,laws/mda/nigeria-mda-directory.txt
University of Ilorin Teaching Hospital (UITH),uith.gov.ng,"Ilorin, Kwara State",Federal Teaching Hospitals & Medical Centres,laws/mda/nigeria-mda-directory.txt
Aminu Kano Teaching Hospital (AKTH),akth.org.ng,Kano State,Federal Teaching Hospitals & Medical Centres,laws/mda/nigeria-mda-directory.txt
University of Abuja Teaching Hospital (UATH),uath.gov.ng,"Gwagwalada, FCT",Federal Teaching Hospitals & Medical Centres,laws/mda/nigeria-mda-directory.txt
Usmanu Danfodiyo University Teaching Hospital,uduth.org.ng,Sokoto State (UDUTH),Federal Teaching Hospitals & Medical Centres,laws/mda/nigeria-mda-directory.txt
Nnamdi Azikiwe University Teaching Hospital,nauth.gov.ng,"Nnewi, Anambra State (NAUTH)",Federal Teaching Hospitals & Medical Centres,laws/mda/nigeria-mda-directory.txt
University of Uyo Teaching Hospital (UUTH),uuth.gov.ng,"Uyo, Akwa Ibom State",Federal Teaching Hospitals & Medical Centres,laws/mda/nigeria-mda-directory.txt
Federal Teaching Hospital Abakaliki,—,Ebonyi State,Federal Teaching Hospitals & Medical Centres,laws/mda/nigeria-mda-directory.txt
Federal Teaching Hospital Gombe,—,Gombe State,Federal Teaching Hospitals & Medical Centres,laws/mda/nigeria-mda-directory.txt
Federal Teaching Hospital Ido-Ekiti,—,Ekiti State,Federal Teaching Hospitals & Medical Centres,laws/mda/nigeria-mda-directory.txt
Abubakar Tafawa Balewa University Teaching,—,Bauchi State Hospital,Federal Teaching Hospitals & Medical Centres,laws/mda/nigeria-mda-directory.txt
Federal Medical Centre Abeokuta,—,Ogun State,Federal Teaching Hospitals & Medical Centres,laws/mda/nigeria-mda-directory.txt
Federal Medical Centre Owerri,—,Imo State,Federal Teaching Hospitals & Medical Centres,laws/mda/nigeria-mda-directory.txt
Federal Medical Centre Umuahia,—,Abia State,Federal Teaching Hospitals & Medical Centres,laws/mda/nigeria-mda-directory.txt
Federal Medical Centre Makurdi,—,Benue State,Federal Teaching Hospitals & Medical Centres,laws/mda/nigeria-mda-directory.txt
Federal Medical Centre Yola,—,Adamawa State,Federal Teaching Hospitals & Medical Centres,laws/mda/nigeria-mda-directory.txt
Federal Medical Centre Birnin Kudu,—,Jigawa State,Federal Teaching Hospitals & Medical Centres,laws/mda/nigeria-mda-directory.txt
Federal Medical Centre Katsina,—,Katsina State,Federal Teaching Hospitals & Medical Centres,laws/mda/nigeria-mda-directory.txt
Federal Medical Centre Keffi,—,Nasarawa State,Federal Teaching Hospitals & Medical Centres,laws/mda/nigeria-mda-directory.txt
Federal Medical Centre Bida,—,Niger State,Federal Teaching Hospitals & Medical Centres,laws/mda/nigeria-mda-directory.txt
Federal Medical Centre Lokoja,—,Kogi State,Federal Teaching Hospitals & Medical Centres,laws/mda/nigeria-mda-directory.txt
Federal Medical Centre Asaba,—,Delta State,Federal Teaching Hospitals & Medical Centres,laws/mda/nigeria-mda-directory.txt
Federal Medical Centre Yenagoa,—,Bayelsa State,Federal Teaching Hospitals & Medical Centres,laws/mda/nigeria-mda-directory.txt
Federal Medical Centre Gusau,—,Zamfara State,Federal Teaching Hospitals & Medical Centres,laws/mda/nigeria-mda-directory.txt
Federal Medical Centre Birnin Kebbi,—,Kebbi State,Federal Teaching Hospitals & Medical Centres,laws/mda/nigeria-mda-directory.txt
Federal Medical Centre Nguru,—,Yobe State,Federal Teaching Hospitals & Medical Centres,laws/mda/nigeria-mda-directory.txt
Federal Medical Centre Jalingo,—,Taraba State,Federal Teaching Hospitals & Medical Centres,laws/mda/nigeria-mda-directory.txt
Federal Medical Centre Ebute Metta,—,Lagos State,Federal Teaching Hospitals & Medical Centres,laws/mda/nigeria-mda-directory.txt
National Universities Commission (NUC),nuc.edu.ng,"Aja Nwachukwu House, Maitama, Abuja","Education, Examination & Regulatory Bodies",laws/mda/nigeria-mda-directory.txt
National Board for Technical Education (NBTE),nbte.gov.ng,Kaduna,"Education, Examination & Regulatory Bodies",laws/mda/nigeria-mda-directory.txt
National Commission for Colleges of Education,ncce.edu.ng,Abuja (NCCE),"Education, Examination & Regulatory Bodies",laws/mda/nigeria-mda-directory.txt
Joint Admissions and Matriculation Board,jamb.gov.ng,"Bwari, Abuja (JAMB)","Education, Examination & Regulatory Bodies",laws/mda/nigeria-mda-directory.txt
West African Examinations Council (WAEC),waecnigeria.org,"Yaba, Lagos Nigeria","Education, Examination & Regulatory Bodies",laws/mda/nigeria-mda-directory.txt
National Examinations Council (NECO),neco.gov.ng,"Minna, Niger State","Education, Examination & Regulatory Bodies",laws/mda/nigeria-mda-directory.txt
National Business and Technical Examinations,nabteb.gov.ng,"Benin City, Edo State Board (NABTEB)","Education, Examination & Regulatory Bodies",laws/mda/nigeria-mda-directory.txt
National Board for Arabic and Islamic Studies,nbais.com.ng,Kaduna (NBAIS),"Education, Examination & Regulatory Bodies",laws/mda/nigeria-mda-directory.txt
Universal Basic Education Commission (UBEC),ubec.gov.ng,Abuja,"Education, Examination & Regulatory Bodies",laws/mda/nigeria-mda-directory.txt
Tertiary Education Trust Fund (TETFund),tetfund.gov.ng,Abuja,"Education, Examination & Regulatory Bodies",laws/mda/nigeria-mda-directory.txt
Nigerian Education Loan Fund (NELFUND),nelf.gov.ng,Abuja,"Education, Examination & Regulatory Bodies",laws/mda/nigeria-mda-directory.txt
National Open University of Nigeria (NOUN),nou.edu.ng,"Jabi, Abuja","Education, Examination & Regulatory Bodies",laws/mda/nigeria-mda-directory.txt
National Teachers' Institute (NTI),nti.edu.ng,Kaduna,"Education, Examination & Regulatory Bodies",laws/mda/nigeria-mda-directory.txt
Teachers Registration Council of Nigeria (TRCN),trcn.gov.ng,Abuja,"Education, Examination & Regulatory Bodies",laws/mda/nigeria-mda-directory.txt
Nigerian Educational Research and Development,nerdc.gov.ng,"Sheda, Abuja Council (NERDC)","Education, Examination & Regulatory Bodies",laws/mda/nigeria-mda-directory.txt
National Library of Nigeria,nln.gov.ng,Abuja,"Education, Examination & Regulatory Bodies",laws/mda/nigeria-mda-directory.txt
National Archives of Nigeria,—,"Radio House, Area 10, Garki, Abuja","Education, Examination & Regulatory Bodies",laws/mda/nigeria-mda-directory.txt
National Mathematical Centre,nmc.edu.ng,"Sheda, Abuja","Education, Examination & Regulatory Bodies",laws/mda/nigeria-mda-directory.txt
National Institute for Nigerian Languages,—,"Aba, Abia State","Education, Examination & Regulatory Bodies",laws/mda/nigeria-mda-directory.txt
"National Commission for Mass Literacy, Adult",nmec.gov.ng,Abuja and Non-Formal Education,"Education, Examination & Regulatory Bodies",laws/mda/nigeria-mda-directory.txt
Nigerian Institute of Social and Economic,niser.gov.ng,"Ibadan, Oyo State Research (NISER)","Education, Examination & Regulatory Bodies",laws/mda/nigeria-mda-directory.txt
National Institute for Policy and Strategic Studies,nipsskuru.gov.ng,"Kuru, Plateau State (NIPSS)","Education, Examination & Regulatory Bodies",laws/mda/nigeria-mda-directory.txt
Nigerian Institute of International Affairs (NIIA),niianet.org,"Victoria Island, Lagos","Education, Examination & Regulatory Bodies",laws/mda/nigeria-mda-directory.txt
Administrative Staff College of Nigeria (ASCON),ascon.gov.ng,"Badagry, Lagos","Education, Examination & Regulatory Bodies",laws/mda/nigeria-mda-directory.txt
Public Service Institute of Nigeria (PSIN),psin.gov.ng,Abuja,"Education, Examination & Regulatory Bodies",laws/mda/nigeria-mda-directory.txt
Centre for Management Development (CMD),cmd.gov.ng,"Shangisha, Lagos","Education, Examination & Regulatory Bodies",laws/mda/nigeria-mda-directory.txt
Federal Scholarship Board,—,"Federal Ministry of Education, Abuja","Education, Examination & Regulatory Bodies",laws/mda/nigeria-mda-directory.txt
Nigerian French Language Village,—,"Badagry, Lagos","Education, Examination & Regulatory Bodies",laws/mda/nigeria-mda-directory.txt
Nigerian Arabic Language Village,—,"Ngala, Borno State","Education, Examination & Regulatory Bodies",laws/mda/nigeria-mda-directory.txt
University of Ibadan,ui.edu.ng,Oyo State,Federal Universities,laws/mda/nigeria-mda-directory.txt
"University of Nigeria, Nsukka",unn.edu.ng,Enugu State,Federal Universities,laws/mda/nigeria-mda-directory.txt
Obafemi Awolowo University,oauife.edu.ng,"Ile-Ife, Osun State",Federal Universities,laws/mda/nigeria-mda-directory.txt
Ahmadu Bello University,abu.edu.ng,"Zaria, Kaduna State",Federal Universities,laws/mda/nigeria-mda-directory.txt
University of Lagos,unilag.edu.ng,"Akoka, Lagos",Federal Universities,laws/mda/nigeria-mda-directory.txt
University of Benin,uniben.edu,"Benin City, Edo State",Federal Universities,laws/mda/nigeria-mda-directory.txt
University of Calabar,unical.edu.ng,Cross River State,Federal Universities,laws/mda/nigeria-mda-directory.txt
University of Jos,unijos.edu.ng,Plateau State,Federal Universities,laws/mda/nigeria-mda-directory.txt
University of Maiduguri,unimaid.edu.ng,Borno State,Federal Universities,laws/mda/nigeria-mda-directory.txt
University of Port Harcourt,uniport.edu.ng,Rivers State,Federal Universities,laws/mda/nigeria-mda-directory.txt
University of Ilorin,unilorin.edu.ng,Kwara State,Federal Universities,laws/mda/nigeria-mda-directory.txt
Bayero University Kano,buk.edu.ng,Kano State,Federal Universities,laws/mda/nigeria-mda-directory.txt
Usmanu Danfodiyo University,udusok.edu.ng,Sokoto State,Federal Universities,laws/mda/nigeria-mda-directory.txt
University of Uyo,uniuyo.edu.ng,Akwa Ibom State,Federal Universities,laws/mda/nigeria-mda-directory.txt
University of Abuja,uniabuja.edu.ng,FCT,Federal Universities,laws/mda/nigeria-mda-directory.txt
Nnamdi Azikiwe University,unizik.edu.ng,"Awka, Anambra State",Federal Universities,laws/mda/nigeria-mda-directory.txt
"Federal University of Technology, Akure",futa.edu.ng,Ondo State,Federal Universities,laws/mda/nigeria-mda-directory.txt
"Federal University of Technology, Minna",futminna.edu.ng,Niger State,Federal Universities,laws/mda/nigeria-mda-directory.txt
"Federal University of Technology, Owerri",futo.edu.ng,Imo State,Federal Universities,laws/mda/nigeria-mda-directory.txt
Abubakar Tafawa Balewa University,atbu.edu.ng,Bauchi State,Federal Universities,laws/mda/nigeria-mda-directory.txt
Modibbo Adama University,mau.edu.ng,"Yola, Adamawa State",Federal Universities,laws/mda/nigeria-mda-directory.txt
"Federal University of Agriculture, Abeokuta",funaab.edu.ng,Ogun State,Federal Universities,laws/mda/nigeria-mda-directory.txt
Michael Okpara University of Agriculture,mouau.edu.ng,"Umudike, Abia State",Federal Universities,laws/mda/nigeria-mda-directory.txt
"Federal University of Agriculture, Makurdi",uam.edu.ng,Benue State,Federal Universities,laws/mda/nigeria-mda-directory.txt
Nigerian Defence Academy,nda.edu.ng,Kaduna State,Federal Universities,laws/mda/nigeria-mda-directory.txt
National Open University of Nigeria,nou.edu.ng,Abuja,Federal Universities,laws/mda/nigeria-mda-directory.txt
"Federal University, Lafia",fulafia.edu.ng,Nasarawa State,Federal Universities,laws/mda/nigeria-mda-directory.txt
"Federal University, Lokoja",fulokoja.edu.ng,Kogi State,Federal Universities,laws/mda/nigeria-mda-directory.txt
"Federal University, Dutse",fud.edu.ng,Jigawa State,Federal Universities,laws/mda/nigeria-mda-directory.txt
"Federal University, Dutsin-Ma",fudutsinma.edu.ng,Katsina State,Federal Universities,laws/mda/nigeria-mda-directory.txt
"Federal University, Kashere",fukashere.edu.ng,Gombe State,Federal Universities,laws/mda/nigeria-mda-directory.txt
"Federal University, Wukari",fuwukari.edu.ng,Taraba State,Federal Universities,laws/mda/nigeria-mda-directory.txt
"Federal University, Gashua",fugashua.edu.ng,Yobe State,Federal Universities,laws/mda/nigeria-mda-directory.txt
"Federal University, Birnin Kebbi",fubk.edu.ng,Kebbi State,Federal Universities,laws/mda/nigeria-mda-directory.txt
"Federal University, Gusau",fugusau.edu.ng,Zamfara State,Federal Universities,laws/mda/nigeria-mda-directory.txt
"Federal University, Otuoke",fuotuoke.edu.ng,Bayelsa State,Federal Universities,laws/mda/nigeria-mda-directory.txt
"Federal University, Oye-Ekiti",fuoye.edu.ng,Ekiti State,Federal Universities,laws/mda/nigeria-mda-directory.txt
"Federal University, Ndufu-Alike",funai.edu.ng,Ebonyi State,Federal Universities,laws/mda/nigeria-mda-directory.txt
"Federal University, Petroleum Resources",fupre.edu.ng,"Effurun, Delta State",Federal Universities,laws/mda/nigeria-mda-directory.txt
"Federal University of Health Sciences, Otukpo",—,Benue State,Federal Universities,laws/mda/nigeria-mda-directory.txt
"Federal University of Health Sciences, Azare",—,Bauchi State,Federal Universities,laws/mda/nigeria-mda-directory.txt
"Federal University of Health Sciences,",—,Osun State Ila-Orangun,Federal Universities,laws/mda/nigeria-mda-directory.txt
Nigerian Maritime University,nmu.edu.ng,"Okerenkoko, Delta State",Federal Universities,laws/mda/nigeria-mda-directory.txt
Nigerian Army University,naub.edu.ng,"Biu, Borno State",Federal Universities,laws/mda/nigeria-mda-directory.txt
Air Force Institute of Technology,afit.edu.ng,Kaduna State,Federal Universities,laws/mda/nigeria-mda-directory.txt
Nigeria Police Academy,polac.edu.ng,"Wudil, Kano State",Federal Universities,laws/mda/nigeria-mda-directory.txt
Alex Ekwueme Federal University,funai.edu.ng,"Ndufu-Alike, Ebonyi State",Federal Universities,laws/mda/nigeria-mda-directory.txt
Federal University of Transportation,—,"Daura, Katsina State",Federal Universities,laws/mda/nigeria-mda-directory.txt
Admiralty University of Nigeria,adun.edu.ng,"Ibusa, Delta State",Federal Universities,laws/mda/nigeria-mda-directory.txt
Yaba College of Technology,yabatech.edu.ng,Lagos State,Federal Polytechnics & Colleges of Education,laws/mda/nigeria-mda-directory.txt
"Federal Polytechnic, Ilaro",federalpolyilaro.edu.ng,Ogun State,Federal Polytechnics & Colleges of Education,laws/mda/nigeria-mda-directory.txt
"Federal Polytechnic, Ede",federalpolyede.edu.ng,Osun State,Federal Polytechnics & Colleges of Education,laws/mda/nigeria-mda-directory.txt
"Federal Polytechnic, Offa",fpo.edu.ng,Kwara State,Federal Polytechnics & Colleges of Education,laws/mda/nigeria-mda-directory.txt
"Federal Polytechnic, Nekede",fpno.edu.ng,Imo State,Federal Polytechnics & Colleges of Education,laws/mda/nigeria-mda-directory.txt
"Federal Polytechnic, Oko",federalpolyoko.edu.ng,Anambra State,Federal Polytechnics & Colleges of Education,laws/mda/nigeria-mda-directory.txt
"Federal Polytechnic, Bida",fedpolybida.edu.ng,Niger State,Federal Polytechnics & Colleges of Education,laws/mda/nigeria-mda-directory.txt
"Federal Polytechnic, Bauchi",fptb.edu.ng,Bauchi State,Federal Polytechnics & Colleges of Education,laws/mda/nigeria-mda-directory.txt
"Federal Polytechnic, Kaura Namoda",fedpolyknm.edu.ng,Zamfara State,Federal Polytechnics & Colleges of Education,laws/mda/nigeria-mda-directory.txt
"Federal Polytechnic, Mubi",fpm.edu.ng,Adamawa State,Federal Polytechnics & Colleges of Education,laws/mda/nigeria-mda-directory.txt
"Federal Polytechnic, Idah",fepoda.edu.ng,Kogi State,Federal Polytechnics & Colleges of Education,laws/mda/nigeria-mda-directory.txt
"Federal Polytechnic, Ado-Ekiti",fedpolyado.edu.ng,Ekiti State,Federal Polytechnics & Colleges of Education,laws/mda/nigeria-mda-directory.txt
"Federal Polytechnic, Damaturu",fedpolydam.edu.ng,Yobe State,Federal Polytechnics & Colleges of Education,laws/mda/nigeria-mda-directory.txt
"Federal Polytechnic, Nasarawa",fedpolynas.edu.ng,Nasarawa State,Federal Polytechnics & Colleges of Education,laws/mda/nigeria-mda-directory.txt
Auchi Polytechnic,auchipoly.edu.ng,Edo State,Federal Polytechnics & Colleges of Education,laws/mda/nigeria-mda-directory.txt
Kaduna Polytechnic,kadunapolytechnic.edu.ng,Kaduna State,Federal Polytechnics & Colleges of Education,laws/mda/nigeria-mda-directory.txt
"Federal College of Education, Zaria",fcezaria.edu.ng,Kaduna State,Federal Polytechnics & Colleges of Education,laws/mda/nigeria-mda-directory.txt
"Federal College of Education (Technical), Akoka",fcetakoka.edu.ng,Lagos State,Federal Polytechnics & Colleges of Education,laws/mda/nigeria-mda-directory.txt
"Federal College of Education, Kano",fcekano.edu.ng,Kano State,Federal Polytechnics & Colleges of Education,laws/mda/nigeria-mda-directory.txt
"Federal College of Education, Abeokuta",fceabeokuta.edu.ng,Ogun State,Federal Polytechnics & Colleges of Education,laws/mda/nigeria-mda-directory.txt
"Federal College of Education, Okene",fceokene.edu.ng,Kogi State,Federal Polytechnics & Colleges of Education,laws/mda/nigeria-mda-directory.txt
"Federal College of Education, Pankshin",fcepankshin.edu.ng,Plateau State,Federal Polytechnics & Colleges of Education,laws/mda/nigeria-mda-directory.txt
"Federal College of Education, Obudu",—,Cross River State,Federal Polytechnics & Colleges of Education,laws/mda/nigeria-mda-directory.txt
"Federal College of Education, Katsina",fcekatsina.edu.ng,Katsina State,Federal Polytechnics & Colleges of Education,laws/mda/nigeria-mda-directory.txt
Adeyemi Federal University of Education,aceondo.edu.ng,Ondo State,Federal Polytechnics & Colleges of Education,laws/mda/nigeria-mda-directory.txt
Alvan Ikoku Federal University of Education,alvanikoku.edu.ng,"Owerri, Imo State",Federal Polytechnics & Colleges of Education,laws/mda/nigeria-mda-directory.txt
Federal Unity Colleges (104 nationwide),education.gov.ng,Contact via Federal Ministry of Education,Federal Polytechnics & Colleges of Education,laws/mda/nigeria-mda-directory.txt
Agricultural Research Council of Nigeria (ARCN),arcn.gov.ng,Abuja,"Agriculture, Livestock & Agricultural Research Institutes",laws/mda/nigeria-mda-directory.txt
National Agricultural Land Development,nalda.gov.ng,"Area 11, Garki, Abuja Authority (NALDA)","Agriculture, Livestock & Agricultural Research Institutes",laws/mda/nigeria-mda-directory.txt
National Agricultural Seeds Council (NASC),seedcouncil.gov.ng,Abuja,"Agriculture, Livestock & Agricultural Research Institutes",laws/mda/nigeria-mda-directory.txt
Nigeria Agricultural Quarantine Service (NAQS),naqs.gov.ng,Abuja,"Agriculture, Livestock & Agricultural Research Institutes",laws/mda/nigeria-mda-directory.txt
Nigerian Agricultural Insurance Corporation,naic.gov.ng,Abuja (NAIC),"Agriculture, Livestock & Agricultural Research Institutes",laws/mda/nigeria-mda-directory.txt
National Agency for Food Reserve / Strategic,—,Abuja Grain Reserve,"Agriculture, Livestock & Agricultural Research Institutes",laws/mda/nigeria-mda-directory.txt
Institute for Agricultural Research (IAR),iar.abu.edu.ng,"Samaru, Zaria, Kaduna State","Agriculture, Livestock & Agricultural Research Institutes",laws/mda/nigeria-mda-directory.txt
Institute of Agricultural Research and Training,iart.gov.ng,"Ibadan, Oyo State (IAR&T;)","Agriculture, Livestock & Agricultural Research Institutes",laws/mda/nigeria-mda-directory.txt
National Cereals Research Institute (NCRI),ncribadeggi.org.ng,"Badeggi, Niger State","Agriculture, Livestock & Agricultural Research Institutes",laws/mda/nigeria-mda-directory.txt
National Root Crops Research Institute (NRCRI),nrcri.gov.ng,"Umudike, Abia State","Agriculture, Livestock & Agricultural Research Institutes",laws/mda/nigeria-mda-directory.txt
Cocoa Research Institute of Nigeria (CRIN),crin.gov.ng,"Ibadan, Oyo State","Agriculture, Livestock & Agricultural Research Institutes",laws/mda/nigeria-mda-directory.txt
Nigerian Institute for Oil Palm Research (NIFOR),nifor.gov.ng,"Benin City, Edo State","Agriculture, Livestock & Agricultural Research Institutes",laws/mda/nigeria-mda-directory.txt
Rubber Research Institute of Nigeria (RRIN),rrin.gov.ng,"Benin City, Edo State","Agriculture, Livestock & Agricultural Research Institutes",laws/mda/nigeria-mda-directory.txt
Lake Chad Research Institute (LCRI),lcri.gov.ng,"Maiduguri, Borno State","Agriculture, Livestock & Agricultural Research Institutes",laws/mda/nigeria-mda-directory.txt
National Horticultural Research Institute,nihort.gov.ng,"Ibadan, Oyo State (NIHORT)","Agriculture, Livestock & Agricultural Research Institutes",laws/mda/nigeria-mda-directory.txt
Nigerian Stored Products Research Institute,nspri.gov.ng,"Ilorin, Kwara State (NSPRI)","Agriculture, Livestock & Agricultural Research Institutes",laws/mda/nigeria-mda-directory.txt
National Animal Production Research Institute,napri.abu.edu.ng,"Shika, Zaria (NAPRI)","Agriculture, Livestock & Agricultural Research Institutes",laws/mda/nigeria-mda-directory.txt
National Veterinary Research Institute (NVRI),nvri.gov.ng,"Vom, Plateau State","Agriculture, Livestock & Agricultural Research Institutes",laws/mda/nigeria-mda-directory.txt
Nigerian Institute for Oceanography and Marine,niomr.gov.ng,"Victoria Island, Lagos Research (NIOMR)","Agriculture, Livestock & Agricultural Research Institutes",laws/mda/nigeria-mda-directory.txt
National Institute for Freshwater Fisheries,niffr.gov.ng,"New Bussa, Niger State Research (NIFFR)","Agriculture, Livestock & Agricultural Research Institutes",laws/mda/nigeria-mda-directory.txt
"National Agricultural Extension, Research and",naerls.gov.ng,"Zaria, Kaduna State Liaison Services (NAERLS)","Agriculture, Livestock & Agricultural Research Institutes",laws/mda/nigeria-mda-directory.txt
Forestry Research Institute of Nigeria (FRIN),frin.gov.ng,"Ibadan, Oyo State","Agriculture, Livestock & Agricultural Research Institutes",laws/mda/nigeria-mda-directory.txt
Nigerian Natural Medicine Development Agency,nnmda.gov.ng,Lagos (NNMDA),"Agriculture, Livestock & Agricultural Research Institutes",laws/mda/nigeria-mda-directory.txt
Federal Colleges of Agriculture (multiple),arcn.gov.ng,"Ibadan, Akure, Ishiagu, Moor Plantation etc.","Agriculture, Livestock & Agricultural Research Institutes",laws/mda/nigeria-mda-directory.txt
Nigerian National Petroleum Company Ltd,nnpcgroup.com,"NNPC Towers, Herbert Macaulay Way, Abuja (NNPC Ltd)","Energy, Petroleum, Power & Solid Minerals",laws/mda/nigeria-mda-directory.txt
Nigerian Upstream Petroleum Regulatory,nuprc.gov.ng,Abuja Commission (NUPRC),"Energy, Petroleum, Power & Solid Minerals",laws/mda/nigeria-mda-directory.txt
Nigerian Midstream & Downstream Petroleum,nmdpra.gov.ng,Abuja Regulatory Authority (NMDPRA),"Energy, Petroleum, Power & Solid Minerals",laws/mda/nigeria-mda-directory.txt
Petroleum Technology Development Fund,ptdf.gov.ng,Abuja (PTDF),"Energy, Petroleum, Power & Solid Minerals",laws/mda/nigeria-mda-directory.txt
Petroleum Equalisation Fund (PEF),pef.gov.ng,Abuja,"Energy, Petroleum, Power & Solid Minerals",laws/mda/nigeria-mda-directory.txt
Nigerian Content Development and Monitoring,ncdmb.gov.ng,"Yenagoa, Bayelsa State Board (NCDMB)","Energy, Petroleum, Power & Solid Minerals",laws/mda/nigeria-mda-directory.txt
Nigerian Extractive Industries Transparency,neiti.gov.ng,Abuja Initiative (NEITI),"Energy, Petroleum, Power & Solid Minerals",laws/mda/nigeria-mda-directory.txt
Nigerian Electricity Regulatory Commission,nerc.gov.ng,Abuja (NERC),"Energy, Petroleum, Power & Solid Minerals",laws/mda/nigeria-mda-directory.txt
Transmission Company of Nigeria (TCN),tcn.org.ng,Abuja,"Energy, Petroleum, Power & Solid Minerals",laws/mda/nigeria-mda-directory.txt
Nigerian Independent System Operator (NISO),—,Abuja,"Energy, Petroleum, Power & Solid Minerals",laws/mda/nigeria-mda-directory.txt
Rural Electrification Agency (REA),rea.gov.ng,Abuja,"Energy, Petroleum, Power & Solid Minerals",laws/mda/nigeria-mda-directory.txt
Nigerian Bulk Electricity Trading Plc (NBET),nbet.com.ng,Abuja,"Energy, Petroleum, Power & Solid Minerals",laws/mda/nigeria-mda-directory.txt
Energy Commission of Nigeria (ECN),energy.gov.ng,Abuja,"Energy, Petroleum, Power & Solid Minerals",laws/mda/nigeria-mda-directory.txt
Electricity Management Services Ltd (EMSL),emsl.gov.ng,Lagos,"Energy, Petroleum, Power & Solid Minerals",laws/mda/nigeria-mda-directory.txt
National Power Training Institute of Nigeria,naptin.gov.ng,Abuja (NAPTIN),"Energy, Petroleum, Power & Solid Minerals",laws/mda/nigeria-mda-directory.txt
Nigeria Atomic Energy Commission (NAEC),naec.gov.ng,Abuja,"Energy, Petroleum, Power & Solid Minerals",laws/mda/nigeria-mda-directory.txt
Nigerian Nuclear Regulatory Authority (NNRA),nnra.gov.ng,Abuja,"Energy, Petroleum, Power & Solid Minerals",laws/mda/nigeria-mda-directory.txt
Nigerian Mining Cadastre Office (MCO),mco.gov.ng,Abuja,"Energy, Petroleum, Power & Solid Minerals",laws/mda/nigeria-mda-directory.txt
Nigerian Geological Survey Agency (NGSA),ngsa.gov.ng,Abuja,"Energy, Petroleum, Power & Solid Minerals",laws/mda/nigeria-mda-directory.txt
National Steel Raw Materials Exploration Agency,—,Kaduna (NSRMEA),"Energy, Petroleum, Power & Solid Minerals",laws/mda/nigeria-mda-directory.txt
Metallurgical Training Institute,—,"Onitsha, Anambra State","Energy, Petroleum, Power & Solid Minerals",laws/mda/nigeria-mda-directory.txt
National Metallurgical Development Centre,—,"Jos, Plateau State","Energy, Petroleum, Power & Solid Minerals",laws/mda/nigeria-mda-directory.txt
Ajaokuta Steel Company Ltd,—,Kogi State,"Energy, Petroleum, Power & Solid Minerals",laws/mda/nigeria-mda-directory.txt
Delta Steel Company,—,"Ovwian-Aladja, Delta State","Energy, Petroleum, Power & Solid Minerals",laws/mda/nigeria-mda-directory.txt
Solid Minerals Development Fund (SMDF),smdf.gov.ng,Abuja,"Energy, Petroleum, Power & Solid Minerals",laws/mda/nigeria-mda-directory.txt
Nigerian Gas Company / NGML,nnpcgroup.com,Abuja,"Energy, Petroleum, Power & Solid Minerals",laws/mda/nigeria-mda-directory.txt
Federal Airports Authority of Nigeria (FAAN),faan.gov.ng,"Murtala Muhammed Airport, Lagos","Transport, Aviation, Maritime & Roads",laws/mda/nigeria-mda-directory.txt
Nigerian Civil Aviation Authority (NCAA),ncaa.gov.ng,Abuja / Lagos,"Transport, Aviation, Maritime & Roads",laws/mda/nigeria-mda-directory.txt
Nigerian Airspace Management Agency (NAMA),nama.gov.ng,Lagos,"Transport, Aviation, Maritime & Roads",laws/mda/nigeria-mda-directory.txt
Nigerian Meteorological Agency (NiMet),nimet.gov.ng,Abuja,"Transport, Aviation, Maritime & Roads",laws/mda/nigeria-mda-directory.txt
Nigerian College of Aviation Technology (NCAT),ncat.gov.ng,"Zaria, Kaduna State","Transport, Aviation, Maritime & Roads",laws/mda/nigeria-mda-directory.txt
Nigerian Safety Investigation Bureau (NSIB),nsib.gov.ng,Abuja,"Transport, Aviation, Maritime & Roads",laws/mda/nigeria-mda-directory.txt
Nigerian Ports Authority (NPA),nigerianports.gov.ng,"Marina, Lagos","Transport, Aviation, Maritime & Roads",laws/mda/nigeria-mda-directory.txt
Nigerian Maritime Administration and Safety,nimasa.gov.ng,"Apapa, Lagos Agency (NIMASA)","Transport, Aviation, Maritime & Roads",laws/mda/nigeria-mda-directory.txt
Nigerian Shippers' Council (NSC),shipperscouncil.gov.ng,Lagos,"Transport, Aviation, Maritime & Roads",laws/mda/nigeria-mda-directory.txt
National Inland Waterways Authority (NIWA),niwa.gov.ng,"Lokoja, Kogi State","Transport, Aviation, Maritime & Roads",laws/mda/nigeria-mda-directory.txt
Nigerian Railway Corporation (NRC),nrc.gov.ng,"Ebute Metta, Lagos","Transport, Aviation, Maritime & Roads",laws/mda/nigeria-mda-directory.txt
Federal Road Safety Corps (FRSC),frsc.gov.ng,Abuja. Emergency 122,"Transport, Aviation, Maritime & Roads",laws/mda/nigeria-mda-directory.txt
Federal Roads Maintenance Agency (FERMA),ferma.gov.ng,Abuja,"Transport, Aviation, Maritime & Roads",laws/mda/nigeria-mda-directory.txt
Nigerian Institute of Transport Technology (NITT),nitt.gov.ng,"Zaria, Kaduna State","Transport, Aviation, Maritime & Roads",laws/mda/nigeria-mda-directory.txt
Maritime Academy of Nigeria,man.edu.ng,"Oron, Akwa Ibom State","Transport, Aviation, Maritime & Roads",laws/mda/nigeria-mda-directory.txt
Council for the Regulation of Freight Forwarding,crffn.gov.ng,Lagos in Nigeria (CRFFN),"Transport, Aviation, Maritime & Roads",laws/mda/nigeria-mda-directory.txt
Nigerian Institute of Marine Studies,—,Lagos,"Transport, Aviation, Maritime & Roads",laws/mda/nigeria-mda-directory.txt
Federal Highways Department,works.gov.ng,Abuja,"Transport, Aviation, Maritime & Roads",laws/mda/nigeria-mda-directory.txt
Nigerian Building and Road Research Institute,nbrri.gov.ng,Abuja (NBRRI),"Transport, Aviation, Maritime & Roads",laws/mda/nigeria-mda-directory.txt
Federal Housing Authority (FHA),fha.gov.ng,"Sekou Toure Crescent, Asokoro, Abuja","Transport, Aviation, Maritime & Roads",laws/mda/nigeria-mda-directory.txt
Nigerian Communications Commission (NCC),ncc.gov.ng,"[V] Plot 423 Aguiyi Ironsi St, Maitama, Abuja 900271. Tel +234-209-4617000","ICT, Communications, Media & Broadcasting",laws/mda/nigeria-mda-directory.txt
National Information Technology Development,nitda.gov.ng,Abuja Agency (NITDA),"ICT, Communications, Media & Broadcasting",laws/mda/nigeria-mda-directory.txt
Nigeria Data Protection Commission (NDPC),ndpc.gov.ng,"[V] 12 Clement Isong Street, Asokoro, Abuja","ICT, Communications, Media & Broadcasting",laws/mda/nigeria-mda-directory.txt
Nigerian Communications Satellite Ltd,nigcomsat.gov.ng,Abuja (NIGCOMSAT),"ICT, Communications, Media & Broadcasting",laws/mda/nigeria-mda-directory.txt
Galaxy Backbone Ltd (GBB),galaxybackbone.com.ng,Abuja,"ICT, Communications, Media & Broadcasting",laws/mda/nigeria-mda-directory.txt
Nigerian Postal Service (NIPOST),nipost.gov.ng,Abuja,"ICT, Communications, Media & Broadcasting",laws/mda/nigeria-mda-directory.txt
National Frequency Management Council,—,Abuja (NFMC),"ICT, Communications, Media & Broadcasting",laws/mda/nigeria-mda-directory.txt
National Broadcasting Commission (NBC),nbc.gov.ng,Abuja,"ICT, Communications, Media & Broadcasting",laws/mda/nigeria-mda-directory.txt
Nigerian Television Authority (NTA),nta.ng,Abuja,"ICT, Communications, Media & Broadcasting",laws/mda/nigeria-mda-directory.txt
Federal Radio Corporation of Nigeria (FRCN),radionigeria.gov.ng,Abuja,"ICT, Communications, Media & Broadcasting",laws/mda/nigeria-mda-directory.txt
Voice of Nigeria (VON),von.gov.ng,Abuja,"ICT, Communications, Media & Broadcasting",laws/mda/nigeria-mda-directory.txt
News Agency of Nigeria (NAN),nannews.ng,Abuja,"ICT, Communications, Media & Broadcasting",laws/mda/nigeria-mda-directory.txt
National Orientation Agency (NOA),noa.gov.ng,Abuja,"ICT, Communications, Media & Broadcasting",laws/mda/nigeria-mda-directory.txt
Nigerian Press Council,presscouncil.gov.ng,Abuja,"ICT, Communications, Media & Broadcasting",laws/mda/nigeria-mda-directory.txt
National Film and Video Censors Board (NFVCB),nfvcb.gov.ng,Abuja,"ICT, Communications, Media & Broadcasting",laws/mda/nigeria-mda-directory.txt
Nigerian Film Corporation (NFC),nfc.gov.ng,"Jos, Plateau State","ICT, Communications, Media & Broadcasting",laws/mda/nigeria-mda-directory.txt
National Identity Management Commission,nimc.gov.ng,"[V] 11 Sokode Crescent, off Dalaba St, Zone 5, (NIMC) Wuse, PMB 18 Garki, Abuja","ICT, Communications, Media & Broadcasting",laws/mda/nigeria-mda-directory.txt
Nigerian Institute of Journalism,nij.edu.ng,Lagos,"ICT, Communications, Media & Broadcasting",laws/mda/nigeria-mda-directory.txt
Computer Professionals Registration Council of,cpn.gov.ng,Lagos Nigeria (CPN),"ICT, Communications, Media & Broadcasting",laws/mda/nigeria-mda-directory.txt
National Agency for Science and Engineering,naseni.gov.ng,Abuja Infrastructure (NASENI),"ICT, Communications, Media & Broadcasting",laws/mda/nigeria-mda-directory.txt
National Biotechnology Research and,nabda.gov.ng,Abuja Development Agency (NABDA),"ICT, Communications, Media & Broadcasting",laws/mda/nigeria-mda-directory.txt
National Space Research and Development,nasrda.gov.ng,Abuja Agency (NASRDA),"ICT, Communications, Media & Broadcasting",laws/mda/nigeria-mda-directory.txt
National Centre for Remote Sensing (NCRS),—,"Jos, Plateau State","ICT, Communications, Media & Broadcasting",laws/mda/nigeria-mda-directory.txt
Sheda Science and Technology Complex,shestco.gov.ng,"Sheda, Abuja (SHESTCO)","ICT, Communications, Media & Broadcasting",laws/mda/nigeria-mda-directory.txt
National Centre for Technology Management,nacetem.gov.ng,"Ile-Ife, Osun State (NACETEM)","ICT, Communications, Media & Broadcasting",laws/mda/nigeria-mda-directory.txt
Nigerian Institute of Leather and Science,nilest.gov.ng,"Zaria, Kaduna State Technology","ICT, Communications, Media & Broadcasting",laws/mda/nigeria-mda-directory.txt
National Environmental Standards and,nesrea.gov.ng,Abuja Regulations Enforcement Agency (NESREA),"Environment, Water Resources & Emergency Management",laws/mda/nigeria-mda-directory.txt
National Oil Spill Detection and Response,nosdra.gov.ng,Abuja Agency (NOSDRA),"Environment, Water Resources & Emergency Management",laws/mda/nigeria-mda-directory.txt
National Biosafety Management Agency (NBMA),nbma.gov.ng,Abuja,"Environment, Water Resources & Emergency Management",laws/mda/nigeria-mda-directory.txt
National Park Service,nigeriaparkservice.gov.ng,Abuja,"Environment, Water Resources & Emergency Management",laws/mda/nigeria-mda-directory.txt
National Agency for the Great Green Wall,ggwnigeria.gov.ng,Abuja (NAGGW),"Environment, Water Resources & Emergency Management",laws/mda/nigeria-mda-directory.txt
Hydrocarbon Pollution Remediation Project,hyprep.gov.ng,"Port Harcourt, Rivers State (HYPREP)","Environment, Water Resources & Emergency Management",laws/mda/nigeria-mda-directory.txt
Ecological Fund Office,ecologicalfund.gov.ng,"The Presidency, Abuja","Environment, Water Resources & Emergency Management",laws/mda/nigeria-mda-directory.txt
Nigeria Hydrological Services Agency (NIHSA),nihsa.gov.ng,Abuja,"Environment, Water Resources & Emergency Management",laws/mda/nigeria-mda-directory.txt
Nigeria Integrated Water Resources Management,niwrmc.gov.ng,Abuja Commission (NIWRMC),"Environment, Water Resources & Emergency Management",laws/mda/nigeria-mda-directory.txt
National Water Resources Institute (NWRI),nwri.gov.ng,Kaduna,"Environment, Water Resources & Emergency Management",laws/mda/nigeria-mda-directory.txt
Anambra-Imo River Basin Development,—,"Owerri, Imo State Authority","Environment, Water Resources & Emergency Management",laws/mda/nigeria-mda-directory.txt
Benin-Owena River Basin Development,—,"Benin City, Edo State Authority","Environment, Water Resources & Emergency Management",laws/mda/nigeria-mda-directory.txt
Chad Basin Development Authority,—,"Maiduguri, Borno State","Environment, Water Resources & Emergency Management",laws/mda/nigeria-mda-directory.txt
Cross River Basin Development Authority,—,"Calabar, Cross River State","Environment, Water Resources & Emergency Management",laws/mda/nigeria-mda-directory.txt
Hadejia-Jama'are River Basin Development,—,Kano State Authority,"Environment, Water Resources & Emergency Management",laws/mda/nigeria-mda-directory.txt
Lower Benue River Basin Development Authority,—,"Makurdi, Benue State","Environment, Water Resources & Emergency Management",laws/mda/nigeria-mda-directory.txt
Lower Niger River Basin Development Authority,—,"Ilorin, Kwara State","Environment, Water Resources & Emergency Management",laws/mda/nigeria-mda-directory.txt
Niger Delta River Basin Development Authority,—,"Port Harcourt, Rivers State","Environment, Water Resources & Emergency Management",laws/mda/nigeria-mda-directory.txt
Ogun-Osun River Basin Development Authority,—,"Abeokuta, Ogun State","Environment, Water Resources & Emergency Management",laws/mda/nigeria-mda-directory.txt
Sokoto-Rima River Basin Development Authority,—,Sokoto State,"Environment, Water Resources & Emergency Management",laws/mda/nigeria-mda-directory.txt
Upper Benue River Basin Development Authority,—,"Yola, Adamawa State","Environment, Water Resources & Emergency Management",laws/mda/nigeria-mda-directory.txt
Upper Niger River Basin Development Authority,—,"Minna, Niger State","Environment, Water Resources & Emergency Management",laws/mda/nigeria-mda-directory.txt
National Emergency Management Agency,nema.gov.ng,Abuja. Emergency 112 (NEMA),"Environment, Water Resources & Emergency Management",laws/mda/nigeria-mda-directory.txt
State Emergency Management Agencies (SEMA),—,One per state - contact via state portal,"Environment, Water Resources & Emergency Management",laws/mda/nigeria-mda-directory.txt
National Directorate of Employment (NDE),nde.gov.ng,Abuja,"Labour, Social Protection, Humanitarian & Pensions",laws/mda/nigeria-mda-directory.txt
Nigeria Social Insurance Trust Fund (NSITF),nsitf.gov.ng,Abuja,"Labour, Social Protection, Humanitarian & Pensions",laws/mda/nigeria-mda-directory.txt
Industrial Training Fund (ITF),itf.gov.ng,"Jos, Plateau State","Labour, Social Protection, Humanitarian & Pensions",laws/mda/nigeria-mda-directory.txt
National Productivity Centre (NPC),npc.gov.ng,Abuja,"Labour, Social Protection, Humanitarian & Pensions",laws/mda/nigeria-mda-directory.txt
Michael Imoudu National Institute for Labour,mintstudies.edu.ng,"Ilorin, Kwara State Studies","Labour, Social Protection, Humanitarian & Pensions",laws/mda/nigeria-mda-directory.txt
"National Salaries, Incomes and Wages",nsiwc.gov.ng,Abuja Commission,"Labour, Social Protection, Humanitarian & Pensions",laws/mda/nigeria-mda-directory.txt
National Pension Commission (PenCom),pencom.gov.ng,Abuja,"Labour, Social Protection, Humanitarian & Pensions",laws/mda/nigeria-mda-directory.txt
Pension Transitional Arrangement Directorate,ptad.gov.ng,Abuja (PTAD),"Labour, Social Protection, Humanitarian & Pensions",laws/mda/nigeria-mda-directory.txt
"National Commission for Refugees, Migrants and",ncfrmi.gov.ng,Abuja IDPs (NCFRMI),"Labour, Social Protection, Humanitarian & Pensions",laws/mda/nigeria-mda-directory.txt
National Social Investment Programme Agency,nsipa.gov.ng,Abuja (NSIPA),"Labour, Social Protection, Humanitarian & Pensions",laws/mda/nigeria-mda-directory.txt
National Commission for Persons with,ncpwd.gov.ng,Abuja Disabilities (NCPWD),"Labour, Social Protection, Humanitarian & Pensions",laws/mda/nigeria-mda-directory.txt
National Senior Citizens Centre (NSCC),nscc.gov.ng,Abuja,"Labour, Social Protection, Humanitarian & Pensions",laws/mda/nigeria-mda-directory.txt
National Centre for Women Development,ncwd.gov.ng,Abuja (NCWD),"Labour, Social Protection, Humanitarian & Pensions",laws/mda/nigeria-mda-directory.txt
Nigerians in Diaspora Commission (NIDCOM),nidcom.gov.ng,Abuja,"Labour, Social Protection, Humanitarian & Pensions",laws/mda/nigeria-mda-directory.txt
National Hajj Commission of Nigeria (NAHCON),nahcon.gov.ng,Abuja,"Labour, Social Protection, Humanitarian & Pensions",laws/mda/nigeria-mda-directory.txt
Nigerian Christian Pilgrim Commission (NCPC),ncpc.gov.ng,Abuja,"Labour, Social Protection, Humanitarian & Pensions",laws/mda/nigeria-mda-directory.txt
National Youth Service Corps (NYSC),nysc.gov.ng,Abuja,"Labour, Social Protection, Humanitarian & Pensions",laws/mda/nigeria-mda-directory.txt
National Sports Commission (NSC),—,Abuja,"Labour, Social Protection, Humanitarian & Pensions",laws/mda/nigeria-mda-directory.txt
National Institute for Sports,—,"National Stadium, Lagos","Labour, Social Protection, Humanitarian & Pensions",laws/mda/nigeria-mda-directory.txt
Nigeria Olympic Committee,—,Abuja,"Labour, Social Protection, Humanitarian & Pensions",laws/mda/nigeria-mda-directory.txt
Supreme Court of Nigeria,supremecourt.gov.ng,"Three Arms Zone, Abuja",Judiciary & Legal Institutions,laws/mda/nigeria-mda-directory.txt
Court of Appeal,courtofappeal.gov.ng,Abuja and divisions nationwide,Judiciary & Legal Institutions,laws/mda/nigeria-mda-directory.txt
Federal High Court,fhc.gov.ng,Abuja and divisions nationwide,Judiciary & Legal Institutions,laws/mda/nigeria-mda-directory.txt
National Industrial Court of Nigeria (NICN),nicn.gov.ng,Abuja and divisions,Judiciary & Legal Institutions,laws/mda/nigeria-mda-directory.txt
High Court of the FCT,fcthighcourt.gov.ng,"Maitama, Abuja",Judiciary & Legal Institutions,laws/mda/nigeria-mda-directory.txt
Sharia Court of Appeal of the FCT,—,Abuja,Judiciary & Legal Institutions,laws/mda/nigeria-mda-directory.txt
Customary Court of Appeal of the FCT,—,Abuja,Judiciary & Legal Institutions,laws/mda/nigeria-mda-directory.txt
Tax Appeal Tribunal,taxappealtribunal.gov.ng,Abuja and zones,Judiciary & Legal Institutions,laws/mda/nigeria-mda-directory.txt
Investments and Securities Tribunal (IST),ist.gov.ng,Abuja,Judiciary & Legal Institutions,laws/mda/nigeria-mda-directory.txt
National Judicial Institute (NJI),nji.gov.ng,Abuja,Judiciary & Legal Institutions,laws/mda/nigeria-mda-directory.txt
Nigerian Law School / Council of Legal,nigerianlawschool.edu.ng,"Bwari, Abuja and campuses Education",Judiciary & Legal Institutions,laws/mda/nigeria-mda-directory.txt
Legal Aid Council of Nigeria,legalaidcouncil.gov.ng,Abuja,Judiciary & Legal Institutions,laws/mda/nigeria-mda-directory.txt
Body of Benchers,bodyofbenchers.gov.ng,Abuja,Judiciary & Legal Institutions,laws/mda/nigeria-mda-directory.txt
Nigerian Institute of Advanced Legal Studies,nials.edu.ng,Lagos / Abuja (NIALS),Judiciary & Legal Institutions,laws/mda/nigeria-mda-directory.txt
Legal Practitioners Privileges Committee,—,Abuja,Judiciary & Legal Institutions,laws/mda/nigeria-mda-directory.txt
Legal Practitioners Disciplinary Committee,—,Abuja,Judiciary & Legal Institutions,laws/mda/nigeria-mda-directory.txt
Nigerian Bar Association (professional body),nigerianbar.org.ng,Abuja,Judiciary & Legal Institutions,laws/mda/nigeria-mda-directory.txt
Administration of Criminal Justice Monitoring,acjmc.gov.ng,Abuja Committee (ACJMC),Judiciary & Legal Institutions,laws/mda/nigeria-mda-directory.txt
Nigerian Law Reform Commission,lawreform.gov.ng,Abuja,Judiciary & Legal Institutions,laws/mda/nigeria-mda-directory.txt
Federal Ministry of Justice - Public Prosecutions,justice.gov.ng,Abuja,Judiciary & Legal Institutions,laws/mda/nigeria-mda-directory.txt
Council for the Regulation of Engineering in,coren.gov.ng,Abuja Nigeria (COREN),Professional Regulatory Councils & Institutes,laws/mda/nigeria-mda-directory.txt
Architects Registration Council of Nigeria,arcon.gov.ng,Abuja (ARCON),Professional Regulatory Councils & Institutes,laws/mda/nigeria-mda-directory.txt
Quantity Surveyors Registration Board of Nigeria,qsrbn.gov.ng,Abuja (QSRBN),Professional Regulatory Councils & Institutes,laws/mda/nigeria-mda-directory.txt
Estate Surveyors and Valuers Registration Board,esvarbon.gov.ng,Abuja (ESVARBON),Professional Regulatory Councils & Institutes,laws/mda/nigeria-mda-directory.txt
Town Planners Registration Council (TOPREC),toprec.gov.ng,Abuja,Professional Regulatory Councils & Institutes,laws/mda/nigeria-mda-directory.txt
Surveyors Council of Nigeria (SURCON),surcon.gov.ng,Abuja,Professional Regulatory Councils & Institutes,laws/mda/nigeria-mda-directory.txt
Council of Registered Builders of Nigeria,corbon.gov.ng,Abuja (CORBON),Professional Regulatory Councils & Institutes,laws/mda/nigeria-mda-directory.txt
Institute of Chartered Accountants of Nigeria,icanig.org,Lagos (ICAN),Professional Regulatory Councils & Institutes,laws/mda/nigeria-mda-directory.txt
Association of National Accountants of Nigeria,anan.org.ng,Abuja (ANAN),Professional Regulatory Councils & Institutes,laws/mda/nigeria-mda-directory.txt
Chartered Institute of Taxation of Nigeria (CITN),citn.org,Lagos,Professional Regulatory Councils & Institutes,laws/mda/nigeria-mda-directory.txt
Chartered Institute of Bankers of Nigeria (CIBN),cibng.org,Lagos,Professional Regulatory Councils & Institutes,laws/mda/nigeria-mda-directory.txt
Chartered Insurance Institute of Nigeria (CIIN),ciinigeria.org,Lagos,Professional Regulatory Councils & Institutes,laws/mda/nigeria-mda-directory.txt
Nigerian Institute of Management (NIM),nim.org.ng,Lagos,Professional Regulatory Councils & Institutes,laws/mda/nigeria-mda-directory.txt
Chartered Institute of Personnel Management,cipmnigeria.org,Lagos (CIPM),Professional Regulatory Councils & Institutes,laws/mda/nigeria-mda-directory.txt
Nigerian Institute of Public Relations (NIPR),nipr.org.ng,Abuja,Professional Regulatory Councils & Institutes,laws/mda/nigeria-mda-directory.txt
Advertising Regulatory Council of Nigeria,arcon.gov.ng,Lagos (ARCON),Professional Regulatory Councils & Institutes,laws/mda/nigeria-mda-directory.txt
Institute of Chartered Chemists of Nigeria,iccon.gov.ng,Abuja,Professional Regulatory Councils & Institutes,laws/mda/nigeria-mda-directory.txt
Nigerian Institute of Food Science and,nifst.org,Abuja Technology,Professional Regulatory Councils & Institutes,laws/mda/nigeria-mda-directory.txt
Council of Nigerian Mining Engineers and,comeg.gov.ng,Abuja Geoscientists (COMEG),Professional Regulatory Councils & Institutes,laws/mda/nigeria-mda-directory.txt
Nigerian Institute of Building (NIOB),niob.org.ng,Lagos,Professional Regulatory Councils & Institutes,laws/mda/nigeria-mda-directory.txt
Nigerian Society of Engineers (NSE),nse.org.ng,Lagos / Abuja,Professional Regulatory Councils & Institutes,laws/mda/nigeria-mda-directory.txt
Chartered Institute of Stockbrokers (CIS),cisnigeria.org,Lagos,Professional Regulatory Councils & Institutes,laws/mda/nigeria-mda-directory.txt
Chartered Institute of Logistics and Transport,—,Lagos,Professional Regulatory Councils & Institutes,laws/mda/nigeria-mda-directory.txt
Niger Delta Development Commission (NDDC),nddc.gov.ng,"Port Harcourt, Rivers State",Regional & Development Commissions,laws/mda/nigeria-mda-directory.txt
North East Development Commission (NEDC),nedc.gov.ng,"Maiduguri, Borno State",Regional & Development Commissions,laws/mda/nigeria-mda-directory.txt
North West Development Commission (NWDC),—,Katsina State,Regional & Development Commissions,laws/mda/nigeria-mda-directory.txt
North Central Development Commission (NCDC),—,"Lafia, Nasarawa State",Regional & Development Commissions,laws/mda/nigeria-mda-directory.txt
South East Development Commission (SEDC),—,"Owerri, Imo State",Regional & Development Commissions,laws/mda/nigeria-mda-directory.txt
South West Development Commission (SWDC),—,"Ibadan, Oyo State",Regional & Development Commissions,laws/mda/nigeria-mda-directory.txt
South South Development Commission (SSDC),—,Establishment/status - verify,Regional & Development Commissions,laws/mda/nigeria-mda-directory.txt
Federal Capital Development Authority (FCDA),fcda.gov.ng,"Area 11, Garki, Abuja",Regional & Development Commissions,laws/mda/nigeria-mda-directory.txt
Abuja Metropolitan Management Council,—,Abuja (AMMC),Regional & Development Commissions,laws/mda/nigeria-mda-directory.txt
Abuja Investments Company Ltd,—,Abuja,Regional & Development Commissions,laws/mda/nigeria-mda-directory.txt
Presidential Amnesty Programme (Niger Delta),—,Abuja,Regional & Development Commissions,laws/mda/nigeria-mda-directory.txt
National Assembly of Nigeria,nassnig.org,"National Assembly Complex, Abuja",The Legislature,laws/mda/nigeria-mda-directory.txt
Senate of the Federal Republic of Nigeria,senate.gov.ng,"National Assembly Complex, Abuja",The Legislature,laws/mda/nigeria-mda-directory.txt
House of Representatives,housenigeria.gov.ng,"National Assembly Complex, Abuja",The Legislature,laws/mda/nigeria-mda-directory.txt
National Assembly Service Commission (NASC),nasc.gov.ng,Abuja,The Legislature,laws/mda/nigeria-mda-directory.txt
National Institute for Legislative and Democratic,nilds.gov.ng,Abuja Studies (NILDS),The Legislature,laws/mda/nigeria-mda-directory.txt
National Assembly Budget and Research Office,—,Abuja (NABRO),The Legislature,laws/mda/nigeria-mda-directory.txt
State Houses of Assembly (36),—,One per state - contact via state government portal,The Legislature,laws/mda/nigeria-mda-directory.txt
Federal Ministry of Foreign Affairs,foreignaffairs.gov.ng,"Tafawa Balewa House, Central Area, Abuja",Foreign Missions & International Representation,laws/mda/nigeria-mda-directory.txt
"Nigerian High Commission, London",nigeriahc.org.uk,United Kingdom,Foreign Missions & International Representation,laws/mda/nigeria-mda-directory.txt
"Embassy of Nigeria, Washington DC",nigeriaembassyusa.org,United States,Foreign Missions & International Representation,laws/mda/nigeria-mda-directory.txt
"Nigerian Consulate General, New York",—,United States,Foreign Missions & International Representation,laws/mda/nigeria-mda-directory.txt
"Nigerian Consulate General, Atlanta",nigeriaconsulateatlanta.org,United States,Foreign Missions & International Representation,laws/mda/nigeria-mda-directory.txt
"Embassy of Nigeria, Berlin",nigeriaembassygermany.org,Germany,Foreign Missions & International Representation,laws/mda/nigeria-mda-directory.txt
"Embassy of Nigeria, Dublin",nigerianembassydublin.org,Ireland,Foreign Missions & International Representation,laws/mda/nigeria-mda-directory.txt
Nigerian missions worldwide (100+),foreignaffairs.gov.ng,Full list via Ministry of Foreign Affairs,Foreign Missions & International Representation,laws/mda/nigeria-mda-directory.txt
Nigerians in Diaspora Commission (NIDCOM),nidcom.gov.ng,Abuja,Foreign Missions & International Representation,laws/mda/nigeria-mda-directory.txt
Technical Aid Corps,—,Abuja,Foreign Missions & International Representation,laws/mda/nigeria-mda-directory.txt
Abia Umuahia,abiastate.gov.ng,South East,The 36 States and the Federal Capital Territory,laws/mda/nigeria-mda-directory.txt
Adamawa Yola,adamawastate.gov.ng,North East,The 36 States and the Federal Capital Territory,laws/mda/nigeria-mda-directory.txt
Akwa Ibom Uyo,akwaibomstate.gov.ng,South South,The 36 States and the Federal Capital Territory,laws/mda/nigeria-mda-directory.txt
Anambra Awka,anambrastate.gov.ng,South East,The 36 States and the Federal Capital Territory,laws/mda/nigeria-mda-directory.txt
Bauchi Bauchi,bauchistate.gov.ng,North East,The 36 States and the Federal Capital Territory,laws/mda/nigeria-mda-directory.txt
Bayelsa Yenagoa,bayelsastate.gov.ng,South South,The 36 States and the Federal Capital Territory,laws/mda/nigeria-mda-directory.txt
Benue Makurdi,benuestate.gov.ng,North Central,The 36 States and the Federal Capital Territory,laws/mda/nigeria-mda-directory.txt
Borno Maiduguri,bornostate.gov.ng,North East,The 36 States and the Federal Capital Territory,laws/mda/nigeria-mda-directory.txt
Cross River Calabar,crossriverstate.gov.ng,South South,The 36 States and the Federal Capital Territory,laws/mda/nigeria-mda-directory.txt
Delta Asaba,delta.gov.ng,South South,The 36 States and the Federal Capital Territory,laws/mda/nigeria-mda-directory.txt
Ebonyi Abakaliki,ebonyistate.gov.ng,South East,The 36 States and the Federal Capital Territory,laws/mda/nigeria-mda-directory.txt
Ekiti Ado-Ekiti,ekitistate.gov.ng,South West,The 36 States and the Federal Capital Territory,laws/mda/nigeria-mda-directory.txt
Enugu Enugu,enugustate.gov.ng,South East,The 36 States and the Federal Capital Territory,laws/mda/nigeria-mda-directory.txt
Gombe Gombe,gombestate.gov.ng,North East,The 36 States and the Federal Capital Territory,laws/mda/nigeria-mda-directory.txt
Imo Owerri,imostate.gov.ng,South East,The 36 States and the Federal Capital Territory,laws/mda/nigeria-mda-directory.txt
Jigawa Dutse,jigawastate.gov.ng,North West,The 36 States and the Federal Capital Territory,laws/mda/nigeria-mda-directory.txt
Kaduna Kaduna,kdsg.gov.ng,North West,The 36 States and the Federal Capital Territory,laws/mda/nigeria-mda-directory.txt
Kano Kano,kanostate.gov.ng,North West,The 36 States and the Federal Capital Territory,laws/mda/nigeria-mda-directory.txt
Katsina Katsina,katsinastate.gov.ng,North West,The 36 States and the Federal Capital Territory,laws/mda/nigeria-mda-directory.txt
Kebbi Birnin Kebbi,kebbistate.gov.ng,North West,The 36 States and the Federal Capital Territory,laws/mda/nigeria-mda-directory.txt
Kogi Lokoja,kogistate.gov.ng,North Central,The 36 States and the Federal Capital Territory,laws/mda/nigeria-mda-directory.txt
Kwara Ilorin,kwarastate.gov.ng,North Central,The 36 States and the Federal Capital Territory,laws/mda/nigeria-mda-directory.txt
Nasarawa Lafia,nasarawastate.gov.ng,North Central,The 36 States and the Federal Capital Territory,laws/mda/nigeria-mda-directory.txt
Niger Minna,nigerstate.gov.ng,North Central,The 36 States and the Federal Capital Territory,laws/mda/nigeria-mda-directory.txt
Ogun Abeokuta,ogunstate.gov.ng,South West,The 36 States and the Federal Capital Territory,laws/mda/nigeria-mda-directory.txt
Ondo Akure,ondostate.gov.ng,South West,The 36 States and the Federal Capital Territory,laws/mda/nigeria-mda-directory.txt
Osun Osogbo,osunstate.gov.ng,South West,The 36 States and the Federal Capital Territory,laws/mda/nigeria-mda-directory.txt
Oyo Ibadan,oyostate.gov.ng,South West,The 36 States and the Federal Capital Territory,laws/mda/nigeria-mda-directory.txt
Plateau Jos,plateaustate.gov.ng,North Central,The 36 States and the Federal Capital Territory,laws/mda/nigeria-mda-directory.txt
Rivers Port Harcourt,riversstate.gov.ng,South South,The 36 States and the Federal Capital Territory,laws/mda/nigeria-mda-directory.txt
Sokoto Sokoto,sokotostate.gov.ng,North West,The 36 States and the Federal Capital Territory,laws/mda/nigeria-mda-directory.txt
Taraba Jalingo,tarabastate.gov.ng,North East,The 36 States and the Federal Capital Territory,laws/mda/nigeria-mda-directory.txt
Yobe Damaturu,yobestate.gov.ng,North East,The 36 States and the Federal Capital Territory,laws/mda/nigeria-mda-directory.txt
Zamfara Gusau,zamfarastate.gov.ng,North West,The 36 States and the Federal Capital Territory,laws/mda/nigeria-mda-directory.txt
