source_path,sha256,page_count,reason
2004/bills-of-exchange-act-cap-b8-lfn-2004.pdf,40c2d66d6289b48bc49b19f99e0c0940ec3088f64570e5753c535d0c5460ff36,0,"parse_error: Syntax Error: Couldn't find trailer dictionary
Syntax Error: Couldn't find trailer dictionary
Syntax Error: Couldn't read xref table"
2004/industrial-inspectorate-act-cap-i8-lfn-2004.pdf,38ebe7fb8614758ff3b34b7878c92186fb517f88ac5290ce3a2f11ea6fdd644f,0,"parse_error: Syntax Error: Couldn't find trailer dictionary
Syntax Error: Couldn't find trailer dictionary
Syntax Error: Couldn't read xref table"
2004/nigerian-postal-service-act-cap-n127-lfn-2004.pdf,148ea2cc9ff43deaefb72f40f6dd65066ab89e04a7aa87b747fa296ac35f3db6,0,"parse_error: Syntax Error: Couldn't find trailer dictionary
Syntax Error: Couldn't find trailer dictionary
Syntax Error: Couldn't read xref table"
2004/usumanu-dan-fodio-university-act-cap-u14-lfn-2004.pdf,e517cedaa1d5960bd4b7d8b4b34fc6475623977ea16d8dcdf93e5eb8724c5185,0,"parse_error: Syntax Error: Couldn't find trailer dictionary
Syntax Error: Couldn't find trailer dictionary
Syntax Error: Couldn't read xref table"
